Landtagswahl 1994, 13.03.1994 (Bericht wurde generiert am 16.08.2013 um 11:09)
Bezirk_Id;Bezirk;Gemeinde_Id;Gemeinde;Wahlberechtigte männlich;Wahlberechtigte weiblich;Auslandstiroler Wahlberechtigte männlich;Auslandstiroler Wahlberechtigte weiblich;Wahlberechtigte gesamt;Abgegebene Stimmen;Wahlbeteiligung;Gültige Stimmen;Ungültige Stimmen;Nr./Wählergruppe1;Name/Wählergruppe1;Stimmen/Wählergruppe1;Prozente/Wählergruppe1;Nr./Wählergruppe2;Name/Wählergruppe2;Stimmen/Wählergruppe2;Prozente/Wählergruppe2;Nr./Wählergruppe3;Name/Wählergruppe3;Stimmen/Wählergruppe3;Prozente/Wählergruppe3;Nr./Wählergruppe4;Name/Wählergruppe4;Stimmen/Wählergruppe4;Prozente/Wählergruppe4;Nr./Wählergruppe5;Name/Wählergruppe5;Stimmen/Wählergruppe5;Prozente/Wählergruppe5;Nr./Wählergruppe6;Name/Wählergruppe6;Stimmen/Wählergruppe6;Prozente/Wählergruppe6;Nr./Wählergruppe7;Name/Wählergruppe7;Stimmen/Wählergruppe7;Prozente/Wählergruppe7;Nr./Wählergruppe8;Name/Wählergruppe8;Stimmen/Wählergruppe8;Prozente/Wählergruppe8;
701;Innsbruck-Stadt;70101;Innsbruck;36351;45573;0;0;81924;67064;81,86;61574;5490;1;VP Tirol;20969;34,05;2;SPÖ;14068;22,85;3;FPÖ;11299;18,35;4;Grüne;9806;15,93;5;DU;1444;2,35;6;Liberales Forum;3523;5,72;7;VGÖ;0;0,00;8;ÖNP;465;0,76;
702;Imst;70201;Arzl im Pitztal;881;920;0;0;1801;1577;87,56;1496;81;1;VP Tirol;909;60,76;2;SPÖ;271;18,11;3;FPÖ;165;11,03;4;Grüne;120;8,02;5;DU;12;0,80;6;Liberales Forum;19;1,27;7;VGÖ;0;0,00;8;ÖNP;0;0,00;
702;Imst;70202;Haiming;1242;1266;0;0;2508;2239;89,27;2081;158;1;VP Tirol;1034;49,69;2;SPÖ;442;21,24;3;FPÖ;345;16,58;4;Grüne;184;8,84;5;DU;18;0,86;6;Liberales Forum;58;2,79;7;VGÖ;0;0,00;8;ÖNP;0;0,00;
702;Imst;70203;Imst;2508;2855;0;0;5363;4713;87,88;4383;330;1;VP Tirol;2236;51,02;2;SPÖ;742;16,93;3;FPÖ;669;15,26;4;Grüne;532;12,14;5;DU;65;1,48;6;Liberales Forum;139;3,17;7;VGÖ;0;0,00;8;ÖNP;0;0,00;
702;Imst;70204;Imsterberg;233;241;0;0;474;428;90,30;401;27;1;VP Tirol;279;69,58;2;SPÖ;59;14,71;3;FPÖ;29;7,23;4;Grüne;20;4,99;5;DU;5;1,25;6;Liberales Forum;9;2,24;7;VGÖ;0;0,00;8;ÖNP;0;0,00;
702;Imst;70205;Jerzens;332;315;0;0;647;569;87,94;536;33;1;VP Tirol;387;72,20;2;SPÖ;62;11,57;3;FPÖ;41;7,65;4;Grüne;16;2,99;5;DU;19;3,54;6;Liberales Forum;11;2,05;7;VGÖ;0;0,00;8;ÖNP;0;0,00;
702;Imst;70206;Karres;207;195;0;0;402;379;94,28;338;41;1;VP Tirol;221;65,38;2;SPÖ;56;16,57;3;FPÖ;40;11,83;4;Grüne;15;4,44;5;DU;3;0,89;6;Liberales Forum;3;0,89;7;VGÖ;0;0,00;8;ÖNP;0;0,00;
702;Imst;70207;Karrösten;225;229;0;0;454;425;93,61;404;21;1;VP Tirol;226;55,94;2;SPÖ;108;26,73;3;FPÖ;28;6,93;4;Grüne;29;7,18;5;DU;1;0,25;6;Liberales Forum;12;2,97;7;VGÖ;0;0,00;8;ÖNP;0;0,00;
702;Imst;70208;Längenfeld;1196;1227;0;0;2423;2211;91,25;2083;128;1;VP Tirol;1698;81,52;2;SPÖ;151;7,25;3;FPÖ;108;5,18;4;Grüne;86;4,13;5;DU;26;1,25;6;Liberales Forum;14;0,67;7;VGÖ;0;0,00;8;ÖNP;0;0,00;
702;Imst;70209;Mieming;785;836;0;0;1621;1398;86,24;1264;134;1;VP Tirol;697;55,14;2;SPÖ;127;10,05;3;FPÖ;219;17,33;4;Grüne;117;9,26;5;DU;30;2,37;6;Liberales Forum;74;5,85;7;VGÖ;0;0,00;8;ÖNP;0;0,00;
702;Imst;70210;Mils bei Imst;168;151;0;0;319;283;88,71;270;13;1;VP Tirol;180;66,67;2;SPÖ;29;10,74;3;FPÖ;36;13,33;4;Grüne;21;7,78;5;DU;0;0,00;6;Liberales Forum;4;1,48;7;VGÖ;0;0,00;8;ÖNP;0;0,00;
702;Imst;70211;Mötz;348;377;0;0;725;648;89,38;598;50;1;VP Tirol;298;49,83;2;SPÖ;93;15,55;3;FPÖ;100;16,72;4;Grüne;60;10,03;5;DU;12;2,01;6;Liberales Forum;35;5,85;7;VGÖ;0;0,00;8;ÖNP;0;0,00;
702;Imst;70212;Nassereith;672;754;0;0;1426;1182;82,89;1066;116;1;VP Tirol;534;50,09;2;SPÖ;154;14,45;3;FPÖ;243;22,80;4;Grüne;98;9,19;5;DU;14;1,31;6;Liberales Forum;23;2,16;7;VGÖ;0;0,00;8;ÖNP;0;0,00;
702;Imst;70213;Obsteig;309;298;0;0;607;503;82,87;471;32;1;VP Tirol;290;61,57;2;SPÖ;36;7,64;3;FPÖ;77;16,35;4;Grüne;44;9,34;5;DU;9;1,91;6;Liberales Forum;15;3,18;7;VGÖ;0;0,00;8;ÖNP;0;0,00;
702;Imst;70214;Ötz;718;773;0;0;1491;1307;87,66;1204;103;1;VP Tirol;846;70,27;2;SPÖ;88;7,31;3;FPÖ;123;10,22;4;Grüne;104;8,64;5;DU;19;1,58;6;Liberales Forum;24;1,99;7;VGÖ;0;0,00;8;ÖNP;0;0,00;
702;Imst;70215;Rietz;595;650;0;0;1245;1130;90,76;1031;99;1;VP Tirol;456;44,23;2;SPÖ;296;28,71;3;FPÖ;151;14,65;4;Grüne;75;7,27;5;DU;19;1,84;6;Liberales Forum;34;3,30;7;VGÖ;0;0,00;8;ÖNP;0;0,00;
702;Imst;70216;Roppen;500;523;0;0;1023;921;90,03;860;61;1;VP Tirol;503;58,49;2;SPÖ;198;23,02;3;FPÖ;67;7,79;4;Grüne;58;6,74;5;DU;19;2,21;6;Liberales Forum;15;1,74;7;VGÖ;0;0,00;8;ÖNP;0;0,00;
702;Imst;70218;Sautens;395;449;0;0;844;735;87,09;689;46;1;VP Tirol;423;61,39;2;SPÖ;80;11,61;3;FPÖ;80;11,61;4;Grüne;44;6,39;5;DU;17;2,47;6;Liberales Forum;45;6,53;7;VGÖ;0;0,00;8;ÖNP;0;0,00;
702;Imst;70219;Silz;787;877;0;0;1664;1442;86,66;1348;94;1;VP Tirol;753;55,86;2;SPÖ;276;20,47;3;FPÖ;157;11,65;4;Grüne;122;9,05;5;DU;14;1,04;6;Liberales Forum;26;1,93;7;VGÖ;0;0,00;8;ÖNP;0;0,00;
702;Imst;70220;Sölden;986;1046;0;0;2032;1750;86,12;1669;81;1;VP Tirol;1346;80,65;2;SPÖ;40;2,40;3;FPÖ;91;5,45;4;Grüne;108;6,47;5;DU;69;4,13;6;Liberales Forum;15;0,90;7;VGÖ;0;0,00;8;ÖNP;0;0,00;
702;Imst;70217;St. Leonhard im Pitztal;503;492;0;0;995;857;86,13;817;40;1;VP Tirol;666;81,52;2;SPÖ;27;3,30;3;FPÖ;46;5,63;4;Grüne;28;3,43;5;DU;33;4,04;6;Liberales Forum;17;2,08;7;VGÖ;0;0,00;8;ÖNP;0;0,00;
702;Imst;70221;Stams;410;438;0;0;848;754;88,92;702;52;1;VP Tirol;373;53,13;2;SPÖ;113;16,10;3;FPÖ;128;18,23;4;Grüne;63;8,97;5;DU;9;1,28;6;Liberales Forum;16;2,28;7;VGÖ;0;0,00;8;ÖNP;0;0,00;
702;Imst;70222;Tarrenz;736;842;0;0;1578;1371;86,88;1256;115;1;VP Tirol;595;47,37;2;SPÖ;214;17,04;3;FPÖ;307;24,44;4;Grüne;101;8,04;5;DU;16;1,27;6;Liberales Forum;23;1,83;7;VGÖ;0;0,00;8;ÖNP;0;0,00;
702;Imst;70223;Umhausen;858;868;0;0;1726;1554;90,03;1477;77;1;VP Tirol;1067;72,24;2;SPÖ;157;10,63;3;FPÖ;126;8,53;4;Grüne;60;4,06;5;DU;48;3,25;6;Liberales Forum;19;1,29;7;VGÖ;0;0,00;8;ÖNP;0;0,00;
702;Imst;70224;Wenns;663;710;0;0;1373;1252;91,19;1147;105;1;VP Tirol;749;65,30;2;SPÖ;162;14,12;3;FPÖ;111;9,68;4;Grüne;76;6,63;5;DU;30;2,62;6;Liberales Forum;19;1,66;7;VGÖ;0;0,00;8;ÖNP;0;0,00;
703;Innsbruck-Land;70301;Absam;2092;2264;0;0;4356;3986;91,51;3627;359;1;VP Tirol;1377;37,97;2;SPÖ;921;25,39;3;FPÖ;634;17,48;4;Grüne;445;12,27;5;DU;63;1,74;6;Liberales Forum;166;4,58;7;VGÖ;7;0,19;8;ÖNP;14;0,39;
703;Innsbruck-Land;70302;Aldrans;633;669;0;0;1302;1122;86,18;1045;77;1;VP Tirol;486;46,51;2;SPÖ;131;12,54;3;FPÖ;174;16,65;4;Grüne;155;14,83;5;DU;30;2,87;6;Liberales Forum;63;6,03;7;VGÖ;2;0,19;8;ÖNP;4;0,38;
703;Innsbruck-Land;70303;Ampass;388;402;0;0;790;701;88,73;657;44;1;VP Tirol;272;41,40;2;SPÖ;81;12,33;3;FPÖ;118;17,96;4;Grüne;111;16,89;5;DU;18;2,74;6;Liberales Forum;47;7,15;7;VGÖ;0;0,00;8;ÖNP;10;1,52;
703;Innsbruck-Land;70304;Axams;1687;1795;0;0;3482;3128;89,83;2810;318;1;VP Tirol;1084;38,58;2;SPÖ;599;21,32;3;FPÖ;499;17,76;4;Grüne;404;14,38;5;DU;52;1,85;6;Liberales Forum;151;5,37;7;VGÖ;11;0,39;8;ÖNP;10;0,36;
703;Innsbruck-Land;70305;Baumkirchen;339;362;0;0;701;641;91,44;592;49;1;VP Tirol;256;43,24;2;SPÖ;129;21,79;3;FPÖ;109;18,41;4;Grüne;67;11,32;5;DU;11;1,86;6;Liberales Forum;14;2,36;7;VGÖ;2;0,34;8;ÖNP;4;0,68;
703;Innsbruck-Land;70306;Birgitz;405;389;0;0;794;725;91,31;654;71;1;VP Tirol;309;47,25;2;SPÖ;69;10,55;3;FPÖ;148;22,63;4;Grüne;73;11,16;5;DU;11;1,68;6;Liberales Forum;41;6,27;7;VGÖ;1;0,15;8;ÖNP;2;0,31;
703;Innsbruck-Land;70307;Ellbögen;352;355;0;0;707;663;93,78;616;47;1;VP Tirol;364;59,09;2;SPÖ;93;15,10;3;FPÖ;81;13,15;4;Grüne;54;8,77;5;DU;4;0,65;6;Liberales Forum;17;2,76;7;VGÖ;0;0,00;8;ÖNP;3;0,49;
703;Innsbruck-Land;70308;Flaurling;341;372;0;0;713;662;92,85;612;50;1;VP Tirol;329;53,76;2;SPÖ;129;21,08;3;FPÖ;67;10,95;4;Grüne;50;8,17;5;DU;12;1,96;6;Liberales Forum;22;3,59;7;VGÖ;2;0,33;8;ÖNP;1;0,16;
703;Innsbruck-Land;70309;Fritzens;660;683;0;0;1343;1243;92,55;1138;105;1;VP Tirol;444;39,02;2;SPÖ;255;22,41;3;FPÖ;278;24,43;4;Grüne;92;8,08;5;DU;14;1,23;6;Liberales Forum;51;4,48;7;VGÖ;2;0,18;8;ÖNP;2;0,18;
703;Innsbruck-Land;70310;Fulpmes;1106;1141;0;0;2247;2020;89,90;1889;131;1;VP Tirol;806;42,67;2;SPÖ;326;17,26;3;FPÖ;391;20,70;4;Grüne;213;11,28;5;DU;101;5,35;6;Liberales Forum;44;2,33;7;VGÖ;4;0,21;8;ÖNP;4;0,21;
703;Innsbruck-Land;70311;Gnadenwald;189;196;0;0;385;348;90,39;334;14;1;VP Tirol;225;67,37;2;SPÖ;28;8,38;3;FPÖ;29;8,68;4;Grüne;32;9,58;5;DU;6;1,80;6;Liberales Forum;13;3,89;7;VGÖ;1;0,30;8;ÖNP;0;0,00;
703;Innsbruck-Land;70312;Götzens;1096;1237;0;0;2333;2064;88,47;1872;192;1;VP Tirol;752;40,17;2;SPÖ;396;21,15;3;FPÖ;363;19,39;4;Grüne;214;11,43;5;DU;50;2,67;6;Liberales Forum;90;4,81;7;VGÖ;4;0,21;8;ÖNP;3;0,16;
703;Innsbruck-Land;70313;Gries am Brenner;496;474;0;0;970;848;87,42;801;47;1;VP Tirol;415;51,81;2;SPÖ;124;15,48;3;FPÖ;125;15,61;4;Grüne;99;12,36;5;DU;23;2,87;6;Liberales Forum;12;1,50;7;VGÖ;2;0,25;8;ÖNP;1;0,12;
703;Innsbruck-Land;70314;Gries im Sellrain;203;201;0;0;404;346;85,64;299;47;1;VP Tirol;185;61,87;2;SPÖ;55;18,39;3;FPÖ;41;13,71;4;Grüne;9;3,01;5;DU;5;1,67;6;Liberales Forum;3;1,00;7;VGÖ;0;0,00;8;ÖNP;1;0,33;
703;Innsbruck-Land;70315;Grinzens;434;490;0;0;924;797;86,26;731;66;1;VP Tirol;347;47,47;2;SPÖ;137;18,74;3;FPÖ;123;16,83;4;Grüne;71;9,71;5;DU;20;2,74;6;Liberales Forum;29;3,97;7;VGÖ;1;0,14;8;ÖNP;3;0,41;
703;Innsbruck-Land;70317;Gschnitz;175;167;0;0;342;312;91,23;283;29;1;VP Tirol;174;61,48;2;SPÖ;35;12,37;3;FPÖ;37;13,07;4;Grüne;10;3,53;5;DU;22;7,77;6;Liberales Forum;5;1,77;7;VGÖ;0;0,00;8;ÖNP;0;0,00;
703;Innsbruck-Land;70354;Hall in Tirol;3632;4502;0;0;8134;7244;89,06;6668;576;1;VP Tirol;2563;38,44;2;SPÖ;1538;23,07;3;FPÖ;1157;17,35;4;Grüne;924;13,86;5;DU;121;1,81;6;Liberales Forum;303;4,54;7;VGÖ;27;0,40;8;ÖNP;35;0,52;
703;Innsbruck-Land;70318;Hatting;312;313;0;0;625;557;89,12;518;39;1;VP Tirol;261;50,39;2;SPÖ;119;22,97;3;FPÖ;60;11,58;4;Grüne;53;10,23;5;DU;4;0,77;6;Liberales Forum;19;3,67;7;VGÖ;0;0,00;8;ÖNP;2;0,39;
703;Innsbruck-Land;70319;Inzing;997;1059;0;0;2056;1876;91,25;1717;159;1;VP Tirol;775;45,14;2;SPÖ;355;20,68;3;FPÖ;239;13,92;4;Grüne;214;12,46;5;DU;37;2,15;6;Liberales Forum;79;4,60;7;VGÖ;3;0,17;8;ÖNP;15;0,87;
703;Innsbruck-Land;70320;Kematen in Tirol;775;857;0;0;1632;1432;87,75;1325;107;1;VP Tirol;555;41,89;2;SPÖ;259;19,55;3;FPÖ;243;18,34;4;Grüne;142;10,72;5;DU;35;2,64;6;Liberales Forum;77;5,81;7;VGÖ;5;0,38;8;ÖNP;9;0,68;
703;Innsbruck-Land;70322;Kolsass;454;475;0;0;929;841;90,53;756;85;1;VP Tirol;367;48,54;2;SPÖ;111;14,68;3;FPÖ;154;20,37;4;Grüne;76;10,05;5;DU;9;1,19;6;Liberales Forum;35;4,63;7;VGÖ;1;0,13;8;ÖNP;3;0,40;
703;Innsbruck-Land;70323;Kolsassberg;223;241;0;0;464;418;90,09;384;34;1;VP Tirol;197;51,30;2;SPÖ;58;15,10;3;FPÖ;88;22,92;4;Grüne;32;8,33;5;DU;2;0,52;6;Liberales Forum;4;1,04;7;VGÖ;0;0,00;8;ÖNP;3;0,78;
703;Innsbruck-Land;70325;Lans;303;306;0;0;609;505;82,92;490;15;1;VP Tirol;246;50,20;2;SPÖ;54;11,02;3;FPÖ;80;16,33;4;Grüne;70;14,29;5;DU;13;2,65;6;Liberales Forum;23;4,69;7;VGÖ;1;0,20;8;ÖNP;3;0,61;
703;Innsbruck-Land;70326;Leutasch;631;712;0;0;1343;1169;87,04;1051;118;1;VP Tirol;621;59,09;2;SPÖ;68;6,47;3;FPÖ;182;17,32;4;Grüne;94;8,94;5;DU;52;4,95;6;Liberales Forum;31;2,95;7;VGÖ;2;0,19;8;ÖNP;1;0,10;
703;Innsbruck-Land;70327;Matrei am Brenner;368;393;0;0;761;694;91,20;641;53;1;VP Tirol;274;42,75;2;SPÖ;162;25,27;3;FPÖ;83;12,95;4;Grüne;92;14,35;5;DU;9;1,40;6;Liberales Forum;19;2,96;7;VGÖ;0;0,00;8;ÖNP;2;0,31;
703;Innsbruck-Land;70328;Mieders;406;421;0;0;827;745;90,08;690;55;1;VP Tirol;322;46,67;2;SPÖ;89;12,90;3;FPÖ;120;17,39;4;Grüne;100;14,49;5;DU;23;3,33;6;Liberales Forum;30;4,35;7;VGÖ;5;0,72;8;ÖNP;1;0,14;
703;Innsbruck-Land;70329;Mils;1247;1348;0;0;2595;2336;90,02;2187;149;1;VP Tirol;873;39,92;2;SPÖ;326;14,91;3;FPÖ;442;20,21;4;Grüne;340;15,55;5;DU;50;2,29;6;Liberales Forum;144;6,58;7;VGÖ;5;0,23;8;ÖNP;7;0,32;
703;Innsbruck-Land;70330;Mühlbachl;426;469;0;0;895;803;89,72;716;87;1;VP Tirol;370;51,68;2;SPÖ;177;24,72;3;FPÖ;77;10,75;4;Grüne;57;7,96;5;DU;15;2,09;6;Liberales Forum;18;2,51;7;VGÖ;0;0,00;8;ÖNP;2;0,28;
703;Innsbruck-Land;70331;Mutters;635;703;0;0;1338;1199;89,61;1120;79;1;VP Tirol;600;53,57;2;SPÖ;99;8,84;3;FPÖ;160;14,29;4;Grüne;156;13,93;5;DU;44;3,93;6;Liberales Forum;56;5,00;7;VGÖ;1;0,09;8;ÖNP;4;0,36;
703;Innsbruck-Land;70332;Natters;596;650;0;0;1246;1120;89,89;1055;65;1;VP Tirol;505;47,87;2;SPÖ;131;12,42;3;FPÖ;141;13,36;4;Grüne;193;18,29;5;DU;22;2,09;6;Liberales Forum;54;5,12;7;VGÖ;5;0,47;8;ÖNP;4;0,38;
703;Innsbruck-Land;70333;Navis;650;658;0;0;1308;1213;92,74;1141;72;1;VP Tirol;729;63,89;2;SPÖ;171;14,99;3;FPÖ;133;11,66;4;Grüne;71;6,22;5;DU;13;1,14;6;Liberales Forum;22;1,93;7;VGÖ;0;0,00;8;ÖNP;2;0,18;
703;Innsbruck-Land;70334;Neustift im Stubaital;1333;1356;0;0;2689;2372;88,21;2224;148;1;VP Tirol;1273;57,24;2;SPÖ;188;8,45;3;FPÖ;309;13,89;4;Grüne;203;9,13;5;DU;196;8,81;6;Liberales Forum;43;1,93;7;VGÖ;6;0,27;8;ÖNP;6;0,27;
703;Innsbruck-Land;70335;Oberhofen im Inntal;490;498;0;0;988;914;92,51;850;64;1;VP Tirol;418;49,18;2;SPÖ;205;24,12;3;FPÖ;119;14,00;4;Grüne;74;8,71;5;DU;19;2,24;6;Liberales Forum;13;1,53;7;VGÖ;1;0,12;8;ÖNP;1;0,12;
703;Innsbruck-Land;70336;Obernberg am Brenner;143;133;0;0;276;251;90,94;239;12;1;VP Tirol;180;75,31;2;SPÖ;11;4,60;3;FPÖ;24;10,04;4;Grüne;16;6,69;5;DU;3;1,26;6;Liberales Forum;1;0,42;7;VGÖ;1;0,42;8;ÖNP;3;1,26;
703;Innsbruck-Land;70337;Oberperfuss;814;835;0;0;1649;1514;91,81;1399;115;1;VP Tirol;767;54,82;2;SPÖ;236;16,87;3;FPÖ;160;11,44;4;Grüne;150;10,72;5;DU;25;1,79;6;Liberales Forum;52;3,72;7;VGÖ;4;0,29;8;ÖNP;5;0,36;
703;Innsbruck-Land;70338;Patsch;290;323;0;0;613;559;91,19;525;34;1;VP Tirol;223;42,48;2;SPÖ;147;28,00;3;FPÖ;60;11,43;4;Grüne;64;12,19;5;DU;6;1,14;6;Liberales Forum;22;4,19;7;VGÖ;1;0,19;8;ÖNP;2;0,38;
703;Innsbruck-Land;70339;Pettnau;322;288;0;0;610;525;86,07;486;39;1;VP Tirol;259;53,29;2;SPÖ;60;12,35;3;FPÖ;84;17,28;4;Grüne;53;10,91;5;DU;9;1,85;6;Liberales Forum;20;4,12;7;VGÖ;0;0,00;8;ÖNP;1;0,21;
703;Innsbruck-Land;70340;Pfaffenhofen;304;335;0;0;639;563;88,11;489;74;1;VP Tirol;180;36,81;2;SPÖ;179;36,61;3;FPÖ;62;12,68;4;Grüne;39;7,98;5;DU;8;1,64;6;Liberales Forum;18;3,68;7;VGÖ;1;0,20;8;ÖNP;2;0,41;
703;Innsbruck-Land;70341;Pfons;396;409;0;0;805;730;90,68;660;70;1;VP Tirol;372;56,36;2;SPÖ;110;16,67;3;FPÖ;51;7,73;4;Grüne;103;15,61;5;DU;14;2,12;6;Liberales Forum;5;0,76;7;VGÖ;3;0,45;8;ÖNP;2;0,30;
703;Innsbruck-Land;70342;Polling in Tirol;258;241;0;0;499;431;86,37;393;38;1;VP Tirol;187;47,58;2;SPÖ;83;21,12;3;FPÖ;86;21,88;4;Grüne;23;5,85;5;DU;8;2,04;6;Liberales Forum;3;0,76;7;VGÖ;0;0,00;8;ÖNP;3;0,76;
703;Innsbruck-Land;70343;Ranggen;263;254;0;0;517;480;92,84;442;38;1;VP Tirol;253;57,24;2;SPÖ;59;13,35;3;FPÖ;51;11,54;4;Grüne;46;10,41;5;DU;12;2,71;6;Liberales Forum;20;4,52;7;VGÖ;1;0,23;8;ÖNP;0;0,00;
703;Innsbruck-Land;70344;Reith bei Seefeld;322;346;0;0;668;562;84,13;505;57;1;VP Tirol;188;37,23;2;SPÖ;65;12,87;3;FPÖ;134;26,53;4;Grüne;56;11,09;5;DU;32;6,34;6;Liberales Forum;26;5,15;7;VGÖ;1;0,20;8;ÖNP;3;0,59;
703;Innsbruck-Land;70345;Rinn;396;419;0;0;815;761;93,37;714;47;1;VP Tirol;350;49,02;2;SPÖ;102;14,29;3;FPÖ;136;19,05;4;Grüne;71;9,94;5;DU;16;2,24;6;Liberales Forum;31;4,34;7;VGÖ;4;0,56;8;ÖNP;4;0,56;
703;Innsbruck-Land;70346;Rum;2717;3115;0;0;5832;5225;89,59;4872;353;1;VP Tirol;1348;27,67;2;SPÖ;1826;37,48;3;FPÖ;708;14,53;4;Grüne;626;12,85;5;DU;96;1,97;6;Liberales Forum;224;4,60;7;VGÖ;17;0,35;8;ÖNP;27;0,55;
703;Innsbruck-Land;70348;Scharnitz;392;465;0;0;857;712;83,08;638;74;1;VP Tirol;296;46,39;2;SPÖ;125;19,59;3;FPÖ;108;16,93;4;Grüne;79;12,38;5;DU;7;1,10;6;Liberales Forum;17;2,66;7;VGÖ;2;0,31;8;ÖNP;4;0,63;
703;Innsbruck-Land;70349;Schmirn;335;312;0;0;647;597;92,27;564;33;1;VP Tirol;429;76,06;2;SPÖ;62;10,99;3;FPÖ;37;6,56;4;Grüne;24;4,26;5;DU;2;0,35;6;Liberales Forum;10;1,77;7;VGÖ;0;0,00;8;ÖNP;0;0,00;
703;Innsbruck-Land;70350;Schönberg im Stubaital;312;309;0;0;621;536;86,31;486;50;1;VP Tirol;243;50,00;2;SPÖ;77;15,84;3;FPÖ;54;11,11;4;Grüne;66;13,58;5;DU;24;4,94;6;Liberales Forum;17;3,50;7;VGÖ;2;0,41;8;ÖNP;3;0,62;
703;Innsbruck-Land;70351;Seefeld in Tirol;844;944;0;0;1788;1577;88,20;1459;118;1;VP Tirol;778;53,32;2;SPÖ;119;8,16;3;FPÖ;248;17,00;4;Grüne;159;10,90;5;DU;79;5,41;6;Liberales Forum;68;4,66;7;VGÖ;4;0,27;8;ÖNP;4;0,27;
703;Innsbruck-Land;70352;Sellrain;484;502;0;0;986;903;91,58;794;109;1;VP Tirol;382;48,11;2;SPÖ;243;30,60;3;FPÖ;89;11,21;4;Grüne;47;5,92;5;DU;21;2,64;6;Liberales Forum;10;1,26;7;VGÖ;0;0,00;8;ÖNP;2;0,25;
703;Innsbruck-Land;70353;Sistrans;519;561;0;0;1080;971;89,91;909;62;1;VP Tirol;443;48,73;2;SPÖ;69;7,59;3;FPÖ;141;15,51;4;Grüne;148;16,28;5;DU;24;2,64;6;Liberales Forum;82;9,02;7;VGÖ;1;0,11;8;ÖNP;1;0,11;
703;Innsbruck-Land;70347;St. Sigmund im Sellrain;59;64;0;0;123;109;88,62;102;7;1;VP Tirol;70;68,63;2;SPÖ;10;9,80;3;FPÖ;18;17,65;4;Grüne;4;3,92;5;DU;0;0,00;6;Liberales Forum;0;0,00;7;VGÖ;0;0,00;8;ÖNP;0;0,00;
703;Innsbruck-Land;70355;Steinach am Brenner;1122;1145;0;0;2267;2027;89,41;1879;148;1;VP Tirol;863;45,93;2;SPÖ;322;17,14;3;FPÖ;306;16,29;4;Grüne;285;15,17;5;DU;50;2,66;6;Liberales Forum;42;2,24;7;VGÖ;2;0,11;8;ÖNP;9;0,48;
703;Innsbruck-Land;70356;Telfes im Stubai;435;452;0;0;887;806;90,87;767;39;1;VP Tirol;337;43,94;2;SPÖ;168;21,90;3;FPÖ;107;13,95;4;Grüne;112;14,60;5;DU;24;3,13;6;Liberales Forum;15;1,96;7;VGÖ;4;0,52;8;ÖNP;0;0,00;
703;Innsbruck-Land;70357;Telfs;3230;3647;0;0;6877;6101;88,72;5506;595;1;VP Tirol;2194;39,85;2;SPÖ;1463;26,57;3;FPÖ;962;17,47;4;Grüne;560;10,17;5;DU;87;1,58;6;Liberales Forum;200;3,63;7;VGÖ;15;0,27;8;ÖNP;25;0,45;
703;Innsbruck-Land;70358;Thaur;1066;1150;0;0;2216;2029;91,56;1876;153;1;VP Tirol;888;47,33;2;SPÖ;411;21,91;3;FPÖ;243;12,95;4;Grüne;230;12,26;5;DU;27;1,44;6;Liberales Forum;72;3,84;7;VGÖ;1;0,05;8;ÖNP;4;0,21;
703;Innsbruck-Land;70359;Trins;376;379;0;0;755;692;91,66;641;51;1;VP Tirol;345;53,82;2;SPÖ;91;14,20;3;FPÖ;91;14,20;4;Grüne;64;9,98;5;DU;30;4,68;6;Liberales Forum;16;2,50;7;VGÖ;2;0,31;8;ÖNP;2;0,31;
703;Innsbruck-Land;70360;Tulfes;400;394;0;0;794;741;93,32;692;49;1;VP Tirol;377;54,48;2;SPÖ;75;10,84;3;FPÖ;144;20,81;4;Grüne;53;7,66;5;DU;20;2,89;6;Liberales Forum;19;2,75;7;VGÖ;3;0,43;8;ÖNP;1;0,14;
703;Innsbruck-Land;70361;Unterperfuss;60;84;0;0;144;121;84,03;106;15;1;VP Tirol;50;47,17;2;SPÖ;26;24,53;3;FPÖ;15;14,15;4;Grüne;3;2,83;5;DU;11;10,38;6;Liberales Forum;1;0,94;7;VGÖ;0;0,00;8;ÖNP;0;0,00;
703;Innsbruck-Land;70362;Vals;202;184;0;0;386;369;95,60;327;42;1;VP Tirol;243;74,31;2;SPÖ;32;9,79;3;FPÖ;21;6,42;4;Grüne;16;4,89;5;DU;6;1,83;6;Liberales Forum;6;1,83;7;VGÖ;2;0,61;8;ÖNP;1;0,31;
703;Innsbruck-Land;70364;Völs;2283;2552;0;0;4835;4293;88,79;3906;387;1;VP Tirol;1340;34,31;2;SPÖ;811;20,76;3;FPÖ;636;16,28;4;Grüne;736;18,84;5;DU;101;2,59;6;Liberales Forum;239;6,12;7;VGÖ;16;0,41;8;ÖNP;27;0,69;
703;Innsbruck-Land;70365;Volders;1181;1301;0;0;2482;2271;91,50;2033;238;1;VP Tirol;915;45,01;2;SPÖ;348;17,12;3;FPÖ;467;22,97;4;Grüne;187;9,20;5;DU;34;1,67;6;Liberales Forum;64;3,15;7;VGÖ;7;0,34;8;ÖNP;11;0,54;
703;Innsbruck-Land;70366;Wattenberg;222;211;0;0;433;415;95,84;394;21;1;VP Tirol;216;54,82;2;SPÖ;20;5,08;3;FPÖ;113;28,68;4;Grüne;33;8,38;5;DU;7;1,78;6;Liberales Forum;4;1,02;7;VGÖ;0;0,00;8;ÖNP;1;0,25;
703;Innsbruck-Land;70367;Wattens;2320;2763;0;0;5083;4572;89,95;4231;341;1;VP Tirol;1552;36,68;2;SPÖ;953;22,52;3;FPÖ;1094;25,86;4;Grüne;417;9,86;5;DU;52;1,23;6;Liberales Forum;125;2,95;7;VGÖ;12;0,28;8;ÖNP;26;0,61;
703;Innsbruck-Land;70368;Wildermieming;231;254;0;0;485;430;88,66;396;34;1;VP Tirol;205;51,77;2;SPÖ;92;23,23;3;FPÖ;32;8,08;4;Grüne;47;11,87;5;DU;6;1,52;6;Liberales Forum;14;3,54;7;VGÖ;0;0,00;8;ÖNP;0;0,00;
703;Innsbruck-Land;70369;Zirl;1773;1969;0;0;3742;3347;89,44;3002;345;1;VP Tirol;995;33,14;2;SPÖ;654;21,79;3;FPÖ;588;19,59;4;Grüne;431;14,36;5;DU;98;3,26;6;Liberales Forum;203;6,76;7;VGÖ;15;0,50;8;ÖNP;18;0,60;
704;Kitzbühel;70401;Aurach bei Kitzbühel;398;440;0;0;838;661;78,88;620;41;1;VP Tirol;320;51,61;2;SPÖ;122;19,68;3;FPÖ;81;13,06;4;Grüne;51;8,23;5;DU;36;5,81;6;Liberales Forum;10;1,61;7;VGÖ;0;0,00;8;ÖNP;0;0,00;
704;Kitzbühel;70402;Brixen im Thale;839;902;0;0;1741;1570;90,18;1453;117;1;VP Tirol;761;52,37;2;SPÖ;338;23,26;3;FPÖ;182;12,53;4;Grüne;105;7,23;5;DU;33;2,27;6;Liberales Forum;34;2,34;7;VGÖ;0;0,00;8;ÖNP;0;0,00;
704;Kitzbühel;70403;Fieberbrunn;1428;1523;0;0;2951;2618;88,72;2423;195;1;VP Tirol;1114;45,98;2;SPÖ;693;28,60;3;FPÖ;341;14,07;4;Grüne;169;6,97;5;DU;41;1,69;6;Liberales Forum;65;2,68;7;VGÖ;0;0,00;8;ÖNP;0;0,00;
704;Kitzbühel;70404;Going am Wilden Kaiser;512;526;0;0;1038;915;88,15;835;80;1;VP Tirol;362;43,35;2;SPÖ;143;17,13;3;FPÖ;186;22,28;4;Grüne;91;10,90;5;DU;34;4,07;6;Liberales Forum;19;2,28;7;VGÖ;0;0,00;8;ÖNP;0;0,00;
704;Kitzbühel;70405;Hochfilzen;406;412;0;0;818;739;90,34;692;47;1;VP Tirol;259;37,43;2;SPÖ;311;44,94;3;FPÖ;78;11,27;4;Grüne;30;4,34;5;DU;3;0,43;6;Liberales Forum;11;1,59;7;VGÖ;0;0,00;8;ÖNP;0;0,00;
704;Kitzbühel;70406;Hopfgarten im Brixental;1792;1975;0;0;3767;3346;88,82;3124;222;1;VP Tirol;1634;52,30;2;SPÖ;571;18,28;3;FPÖ;558;17,86;4;Grüne;226;7,23;5;DU;62;1,98;6;Liberales Forum;73;2,34;7;VGÖ;0;0,00;8;ÖNP;0;0,00;
704;Kitzbühel;70407;Itter;346;371;0;0;717;631;88,01;593;38;1;VP Tirol;310;52,28;2;SPÖ;112;18,89;3;FPÖ;95;16,02;4;Grüne;53;8,94;5;DU;12;2,02;6;Liberales Forum;11;1,85;7;VGÖ;0;0,00;8;ÖNP;0;0,00;
704;Kitzbühel;70408;Jochberg;537;613;0;0;1150;1011;87,91;933;78;1;VP Tirol;367;39,34;2;SPÖ;230;24,65;3;FPÖ;214;22,94;4;Grüne;64;6,86;5;DU;37;3,97;6;Liberales Forum;21;2,25;7;VGÖ;0;0,00;8;ÖNP;0;0,00;
704;Kitzbühel;70409;Kirchberg in Tirol;1561;1712;0;0;3273;2764;84,45;2574;190;1;VP Tirol;1072;41,65;2;SPÖ;740;28,75;3;FPÖ;432;16,78;4;Grüne;185;7,19;5;DU;76;2,95;6;Liberales Forum;69;2,68;7;VGÖ;0;0,00;8;ÖNP;0;0,00;
704;Kitzbühel;70410;Kirchdorf in Tirol;1085;1149;0;0;2234;2001;89,57;1884;117;1;VP Tirol;852;45,22;2;SPÖ;362;19,21;3;FPÖ;414;21,97;4;Grüne;151;8,01;5;DU;57;3,03;6;Liberales Forum;48;2,55;7;VGÖ;0;0,00;8;ÖNP;0;0,00;
704;Kitzbühel;70411;Kitzbühel;2810;3500;0;0;6310;4920;77,97;4607;313;1;VP Tirol;1580;34,30;2;SPÖ;979;21,25;3;FPÖ;972;21,10;4;Grüne;576;12,50;5;DU;267;5,80;6;Liberales Forum;233;5,06;7;VGÖ;0;0,00;8;ÖNP;0;0,00;
704;Kitzbühel;70412;Kössen;1176;1269;0;0;2445;2182;89,24;2065;117;1;VP Tirol;1254;60,73;2;SPÖ;203;9,83;3;FPÖ;375;18,16;4;Grüne;134;6,49;5;DU;63;3,05;6;Liberales Forum;36;1,74;7;VGÖ;0;0,00;8;ÖNP;0;0,00;
704;Kitzbühel;70413;Oberndorf in Tirol;627;640;0;0;1267;1120;88,40;1059;61;1;VP Tirol;453;42,78;2;SPÖ;269;25,40;3;FPÖ;174;16,43;4;Grüne;87;8,22;5;DU;43;4,06;6;Liberales Forum;33;3,12;7;VGÖ;0;0,00;8;ÖNP;0;0,00;
704;Kitzbühel;70414;Reith bei Kitzbühel;476;534;0;0;1010;817;80,89;779;38;1;VP Tirol;368;47,24;2;SPÖ;145;18,61;3;FPÖ;143;18,36;4;Grüne;67;8,60;5;DU;29;3,72;6;Liberales Forum;27;3,47;7;VGÖ;0;0,00;8;ÖNP;0;0,00;
704;Kitzbühel;70418;Schwendt;239;215;0;0;454;382;84,14;375;7;1;VP Tirol;244;65,07;2;SPÖ;44;11,73;3;FPÖ;42;11,20;4;Grüne;30;8,00;5;DU;14;3,73;6;Liberales Forum;1;0,27;7;VGÖ;0;0,00;8;ÖNP;0;0,00;
704;Kitzbühel;70415;St. Jakob in Haus;209;215;0;0;424;387;91,27;369;18;1;VP Tirol;171;46,34;2;SPÖ;97;26,29;3;FPÖ;40;10,84;4;Grüne;34;9,21;5;DU;9;2,44;6;Liberales Forum;18;4,88;7;VGÖ;0;0,00;8;ÖNP;0;0,00;
704;Kitzbühel;70416;St. Johann in Tirol;2405;2843;0;0;5248;4437;84,55;4131;306;1;VP Tirol;1602;38,78;2;SPÖ;889;21,52;3;FPÖ;805;19,49;4;Grüne;485;11,74;5;DU;194;4,70;6;Liberales Forum;156;3,78;7;VGÖ;0;0,00;8;ÖNP;0;0,00;
704;Kitzbühel;70417;St. Ulrich am Pillersee;431;453;0;0;884;784;88,69;744;40;1;VP Tirol;500;67,20;2;SPÖ;88;11,83;3;FPÖ;77;10,35;4;Grüne;56;7,53;5;DU;6;0,81;6;Liberales Forum;17;2,28;7;VGÖ;0;0,00;8;ÖNP;0;0,00;
704;Kitzbühel;70419;Waidring;611;619;0;0;1230;1124;91,38;1058;66;1;VP Tirol;556;52,55;2;SPÖ;196;18,53;3;FPÖ;164;15,50;4;Grüne;100;9,45;5;DU;26;2,46;6;Liberales Forum;16;1,51;7;VGÖ;0;0,00;8;ÖNP;0;0,00;
704;Kitzbühel;70420;Westendorf;1157;1210;0;0;2367;2178;92,02;1966;212;1;VP Tirol;997;50,71;2;SPÖ;374;19,02;3;FPÖ;344;17,50;4;Grüne;140;7,12;5;DU;55;2,80;6;Liberales Forum;56;2,85;7;VGÖ;0;0,00;8;ÖNP;0;0,00;
705;Kufstein;70501;Alpbach;797;802;0;0;1599;1442;90,18;1340;102;1;VP Tirol;897;66,94;2;SPÖ;75;5,60;3;FPÖ;201;15,00;4;Grüne;89;6,64;5;DU;47;3,51;6;Liberales Forum;31;2,31;7;VGÖ;0;0,00;8;ÖNP;0;0,00;
705;Kufstein;70502;Angath;266;299;0;0;565;478;84,60;457;21;1;VP Tirol;162;35,45;2;SPÖ;120;26,26;3;FPÖ;112;24,51;4;Grüne;44;9,63;5;DU;9;1,97;6;Liberales Forum;10;2,19;7;VGÖ;0;0,00;8;ÖNP;0;0,00;
705;Kufstein;70528;Angerberg;525;517;0;0;1042;917;88,00;846;71;1;VP Tirol;373;44,09;2;SPÖ;136;16,08;3;FPÖ;200;23,64;4;Grüne;75;8,87;5;DU;32;3,78;6;Liberales Forum;30;3,55;7;VGÖ;0;0,00;8;ÖNP;0;0,00;
705;Kufstein;70503;Bad Häring;742;858;0;0;1600;1469;91,81;1360;109;1;VP Tirol;388;28,53;2;SPÖ;533;39,19;3;FPÖ;225;16,54;4;Grüne;151;11,10;5;DU;33;2,43;6;Liberales Forum;30;2,21;7;VGÖ;0;0,00;8;ÖNP;0;0,00;
705;Kufstein;70504;Brandenberg;540;550;0;0;1090;996;91,38;873;123;1;VP Tirol;468;53,61;2;SPÖ;193;22,11;3;FPÖ;138;15,81;4;Grüne;49;5,61;5;DU;13;1,49;6;Liberales Forum;12;1,37;7;VGÖ;0;0,00;8;ÖNP;0;0,00;
705;Kufstein;70505;Breitenbach am Inn;961;1020;0;0;1981;1869;94,35;1673;196;1;VP Tirol;917;54,81;2;SPÖ;277;16,56;3;FPÖ;273;16,32;4;Grüne;134;8,01;5;DU;31;1,85;6;Liberales Forum;41;2,45;7;VGÖ;0;0,00;8;ÖNP;0;0,00;
705;Kufstein;70506;Brixlegg;936;1011;0;0;1947;1704;87,52;1542;162;1;VP Tirol;609;39,49;2;SPÖ;332;21,53;3;FPÖ;365;23,67;4;Grüne;142;9,21;5;DU;41;2,66;6;Liberales Forum;53;3,44;7;VGÖ;0;0,00;8;ÖNP;0;0,00;
705;Kufstein;70508;Ebbs;1511;1532;0;0;3043;2747;90,27;2459;288;1;VP Tirol;1077;43,80;2;SPÖ;367;14,92;3;FPÖ;640;26,03;4;Grüne;244;9,92;5;DU;77;3,13;6;Liberales Forum;54;2,20;7;VGÖ;0;0,00;8;ÖNP;0;0,00;
705;Kufstein;70509;Ellmau;713;823;0;0;1536;1360;88,54;1242;118;1;VP Tirol;501;40,34;2;SPÖ;154;12,40;3;FPÖ;342;27,54;4;Grüne;97;7,81;5;DU;114;9,18;6;Liberales Forum;34;2,74;7;VGÖ;0;0,00;8;ÖNP;0;0,00;
705;Kufstein;70510;Erl;435;451;0;0;886;786;88,71;723;63;1;VP Tirol;449;62,10;2;SPÖ;122;16,87;3;FPÖ;81;11,20;4;Grüne;39;5,39;5;DU;21;2,90;6;Liberales Forum;11;1,52;7;VGÖ;0;0,00;8;ÖNP;0;0,00;
705;Kufstein;70511;Kirchbichl;1726;1903;0;0;3629;3183;87,71;2935;248;1;VP Tirol;832;28,35;2;SPÖ;1087;37,04;3;FPÖ;580;19,76;4;Grüne;287;9,78;5;DU;65;2,21;6;Liberales Forum;84;2,86;7;VGÖ;0;0,00;8;ÖNP;0;0,00;
705;Kufstein;70512;Kramsach;1378;1451;0;0;2829;2514;88,87;2242;272;1;VP Tirol;824;36,75;2;SPÖ;606;27,03;3;FPÖ;422;18,82;4;Grüne;280;12,49;5;DU;53;2,36;6;Liberales Forum;57;2,54;7;VGÖ;0;0,00;8;ÖNP;0;0,00;
705;Kufstein;70513;Kufstein;4405;5459;0;0;9864;8555;86,73;7706;849;1;VP Tirol;2556;33,17;2;SPÖ;1560;20,24;3;FPÖ;1913;24,82;4;Grüne;1063;13,79;5;DU;266;3,45;6;Liberales Forum;348;4,52;7;VGÖ;0;0,00;8;ÖNP;0;0,00;
705;Kufstein;70514;Kundl;1203;1289;0;0;2492;2285;91,69;2057;228;1;VP Tirol;835;40,59;2;SPÖ;590;28,68;3;FPÖ;361;17,55;4;Grüne;184;8,95;5;DU;45;2,19;6;Liberales Forum;42;2,04;7;VGÖ;0;0,00;8;ÖNP;0;0,00;
705;Kufstein;70515;Langkampfen;1196;1279;0;0;2475;2197;88,77;1998;199;1;VP Tirol;741;37,09;2;SPÖ;479;23,97;3;FPÖ;415;20,77;4;Grüne;206;10,31;5;DU;105;5,26;6;Liberales Forum;52;2,60;7;VGÖ;0;0,00;8;ÖNP;0;0,00;
705;Kufstein;70516;Mariastein;67;72;0;0;139;128;92,09;118;10;1;VP Tirol;68;57,63;2;SPÖ;16;13,56;3;FPÖ;16;13,56;4;Grüne;9;7,63;5;DU;6;5,08;6;Liberales Forum;3;2,54;7;VGÖ;0;0,00;8;ÖNP;0;0,00;
705;Kufstein;70517;Münster;858;889;0;0;1747;1595;91,30;1417;178;1;VP Tirol;632;44,60;2;SPÖ;376;26,53;3;FPÖ;221;15,60;4;Grüne;118;8,33;5;DU;33;2,33;6;Liberales Forum;37;2,61;7;VGÖ;0;0,00;8;ÖNP;0;0,00;
705;Kufstein;70518;Niederndorf;736;782;0;0;1518;1383;91,11;1269;114;1;VP Tirol;702;55,32;2;SPÖ;91;7,17;3;FPÖ;293;23,09;4;Grüne;110;8,67;5;DU;45;3,55;6;Liberales Forum;28;2,21;7;VGÖ;0;0,00;8;ÖNP;0;0,00;
705;Kufstein;70519;Niederndorferberg;210;202;0;0;412;341;82,77;309;32;1;VP Tirol;168;54,37;2;SPÖ;19;6,15;3;FPÖ;91;29,45;4;Grüne;18;5,83;5;DU;7;2,27;6;Liberales Forum;6;1,94;7;VGÖ;0;0,00;8;ÖNP;0;0,00;
705;Kufstein;70520;Radfeld;559;578;0;0;1137;1033;90,85;932;101;1;VP Tirol;382;40,99;2;SPÖ;185;19,85;3;FPÖ;235;25,21;4;Grüne;81;8,69;5;DU;22;2,36;6;Liberales Forum;27;2,90;7;VGÖ;0;0,00;8;ÖNP;0;0,00;
705;Kufstein;70521;Rattenberg;167;206;0;0;373;335;89,81;304;31;1;VP Tirol;122;40,13;2;SPÖ;49;16,12;3;FPÖ;90;29,61;4;Grüne;31;10,20;5;DU;3;0,99;6;Liberales Forum;9;2,96;7;VGÖ;0;0,00;8;ÖNP;0;0,00;
705;Kufstein;70522;Reith im Alpbachtal;847;891;0;0;1738;1559;89,70;1384;175;1;VP Tirol;738;53,32;2;SPÖ;195;14,09;3;FPÖ;291;21,03;4;Grüne;95;6,86;5;DU;29;2,10;6;Liberales Forum;36;2,60;7;VGÖ;0;0,00;8;ÖNP;0;0,00;
705;Kufstein;70523;Rettenschöss;150;141;0;0;291;259;89,00;240;19;1;VP Tirol;172;71,67;2;SPÖ;17;7,08;3;FPÖ;44;18,33;4;Grüne;4;1,67;5;DU;2;0,83;6;Liberales Forum;1;0,42;7;VGÖ;0;0,00;8;ÖNP;0;0,00;
705;Kufstein;70524;Scheffau am Wilden Kaiser;351;388;0;0;739;667;90,26;616;51;1;VP Tirol;348;56,49;2;SPÖ;62;10,06;3;FPÖ;120;19,48;4;Grüne;49;7,95;5;DU;24;3,90;6;Liberales Forum;13;2,11;7;VGÖ;0;0,00;8;ÖNP;0;0,00;
705;Kufstein;70525;Schwoich;733;716;0;0;1449;1285;88,68;1179;106;1;VP Tirol;594;50,38;2;SPÖ;211;17,90;3;FPÖ;216;18,32;4;Grüne;107;9,08;5;DU;27;2,29;6;Liberales Forum;24;2,04;7;VGÖ;0;0,00;8;ÖNP;0;0,00;
705;Kufstein;70526;Söll;1048;1067;0;0;2115;1891;89,41;1704;187;1;VP Tirol;921;54,05;2;SPÖ;263;15,43;3;FPÖ;296;17,37;4;Grüne;126;7,39;5;DU;53;3,11;6;Liberales Forum;45;2,64;7;VGÖ;0;0,00;8;ÖNP;0;0,00;
705;Kufstein;70527;Thiersee;919;876;0;0;1795;1636;91,14;1484;152;1;VP Tirol;878;59,16;2;SPÖ;188;12,67;3;FPÖ;249;16,78;4;Grüne;100;6,74;5;DU;38;2,56;6;Liberales Forum;31;2,09;7;VGÖ;0;0,00;8;ÖNP;0;0,00;
705;Kufstein;70529;Walchsee;464;544;0;0;1008;913;90,58;856;57;1;VP Tirol;441;51,52;2;SPÖ;60;7,01;3;FPÖ;186;21,73;4;Grüne;57;6,66;5;DU;87;10,16;6;Liberales Forum;25;2,92;7;VGÖ;0;0,00;8;ÖNP;0;0,00;
705;Kufstein;70530;Wildschönau;1290;1323;0;0;2613;2339;89,51;2165;174;1;VP Tirol;1496;69,10;2;SPÖ;129;5,96;3;FPÖ;327;15,10;4;Grüne;94;4,34;5;DU;94;4,34;6;Liberales Forum;25;1,15;7;VGÖ;0;0,00;8;ÖNP;0;0,00;
705;Kufstein;70531;Wörgl;3216;3853;0;0;7069;6375;90,18;5628;747;1;VP Tirol;1548;27,51;2;SPÖ;1922;34,15;3;FPÖ;1107;19,67;4;Grüne;705;12,53;5;DU;134;2,38;6;Liberales Forum;212;3,77;7;VGÖ;0;0,00;8;ÖNP;0;0,00;
706;Landeck;70601;Faggen;95;90;0;0;185;176;95,14;172;4;1;VP Tirol;127;73,84;2;SPÖ;16;9,30;3;FPÖ;20;11,63;4;Grüne;6;3,49;5;DU;1;0,58;6;Liberales Forum;2;1,16;7;VGÖ;0;0,00;8;ÖNP;0;0,00;
706;Landeck;70602;Fendels;77;78;0;0;155;151;97,42;140;11;1;VP Tirol;116;82,86;2;SPÖ;11;7,86;3;FPÖ;12;8,57;4;Grüne;1;0,71;5;DU;0;0,00;6;Liberales Forum;0;0,00;7;VGÖ;0;0,00;8;ÖNP;0;0,00;
706;Landeck;70603;Fiss;267;251;0;0;518;498;96,14;464;34;1;VP Tirol;371;79,96;2;SPÖ;20;4,31;3;FPÖ;13;2,80;4;Grüne;20;4,31;5;DU;31;6,68;6;Liberales Forum;9;1,94;7;VGÖ;0;0,00;8;ÖNP;0;0,00;
706;Landeck;70604;Fließ;933;986;0;0;1919;1686;87,86;1576;110;1;VP Tirol;1034;65,61;2;SPÖ;360;22,84;3;FPÖ;94;5,96;4;Grüne;65;4,12;5;DU;12;0,76;6;Liberales Forum;11;0,70;7;VGÖ;0;0,00;8;ÖNP;0;0,00;
706;Landeck;70605;Flirsch;327;314;0;0;641;591;92,20;534;57;1;VP Tirol;282;52,81;2;SPÖ;127;23,78;3;FPÖ;54;10,11;4;Grüne;43;8,05;5;DU;9;1,69;6;Liberales Forum;19;3,56;7;VGÖ;0;0,00;8;ÖNP;0;0,00;
706;Landeck;70606;Galtür;245;276;0;0;521;469;90,02;441;28;1;VP Tirol;365;82,77;2;SPÖ;17;3,85;3;FPÖ;28;6,35;4;Grüne;11;2,49;5;DU;17;3,85;6;Liberales Forum;3;0,68;7;VGÖ;0;0,00;8;ÖNP;0;0,00;
706;Landeck;70607;Grins;409;425;0;0;834;747;89,57;669;78;1;VP Tirol;405;60,54;2;SPÖ;160;23,92;3;FPÖ;42;6,28;4;Grüne;43;6,43;5;DU;10;1,49;6;Liberales Forum;9;1,35;7;VGÖ;0;0,00;8;ÖNP;0;0,00;
706;Landeck;70608;Ischgl;443;466;0;0;909;834;91,75;793;41;1;VP Tirol;515;64,94;2;SPÖ;52;6,56;3;FPÖ;113;14,25;4;Grüne;23;2,90;5;DU;82;10,34;6;Liberales Forum;8;1,01;7;VGÖ;0;0,00;8;ÖNP;0;0,00;
706;Landeck;70609;Kappl;881;873;0;0;1754;1625;92,65;1525;100;1;VP Tirol;1235;80,98;2;SPÖ;80;5,25;3;FPÖ;113;7,41;4;Grüne;58;3,80;5;DU;32;2,10;6;Liberales Forum;7;0,46;7;VGÖ;0;0,00;8;ÖNP;0;0,00;
706;Landeck;70610;Kaunerberg;116;110;0;0;226;177;78,32;171;6;1;VP Tirol;143;83,63;2;SPÖ;6;3,51;3;FPÖ;12;7,02;4;Grüne;5;2,92;5;DU;0;0,00;6;Liberales Forum;5;2,92;7;VGÖ;0;0,00;8;ÖNP;0;0,00;
706;Landeck;70611;Kaunertal;196;214;0;0;410;384;93,66;369;15;1;VP Tirol;289;78,32;2;SPÖ;34;9,21;3;FPÖ;18;4,88;4;Grüne;16;4,34;5;DU;4;1,08;6;Liberales Forum;8;2,17;7;VGÖ;0;0,00;8;ÖNP;0;0,00;
706;Landeck;70612;Kauns;160;150;0;0;310;294;94,84;268;26;1;VP Tirol;184;68,66;2;SPÖ;33;12,31;3;FPÖ;20;7,46;4;Grüne;19;7,09;5;DU;11;4,10;6;Liberales Forum;1;0,37;7;VGÖ;0;0,00;8;ÖNP;0;0,00;
706;Landeck;70613;Ladis;157;154;0;0;311;279;89,71;264;15;1;VP Tirol;160;60,61;2;SPÖ;38;14,39;3;FPÖ;45;17,05;4;Grüne;13;4,92;5;DU;3;1,14;6;Liberales Forum;5;1,89;7;VGÖ;0;0,00;8;ÖNP;0;0,00;
706;Landeck;70614;Landeck;2442;2856;0;0;5298;4788;90,37;4435;353;1;VP Tirol;1760;39,68;2;SPÖ;1701;38,35;3;FPÖ;443;9,99;4;Grüne;390;8,79;5;DU;53;1,20;6;Liberales Forum;88;1,98;7;VGÖ;0;0,00;8;ÖNP;0;0,00;
706;Landeck;70615;Nauders;471;516;0;0;987;929;94,12;845;84;1;VP Tirol;562;66,51;2;SPÖ;109;12,90;3;FPÖ;100;11,83;4;Grüne;52;6,15;5;DU;6;0,71;6;Liberales Forum;16;1,89;7;VGÖ;0;0,00;8;ÖNP;0;0,00;
706;Landeck;70616;Pettneu am Arlberg;487;484;0;0;971;844;86,92;790;54;1;VP Tirol;460;58,23;2;SPÖ;174;22,03;3;FPÖ;53;6,71;4;Grüne;73;9,24;5;DU;16;2,03;6;Liberales Forum;14;1,77;7;VGÖ;0;0,00;8;ÖNP;0;0,00;
706;Landeck;70617;Pfunds;808;832;0;0;1640;1507;91,89;1394;113;1;VP Tirol;802;57,53;2;SPÖ;299;21,45;3;FPÖ;151;10,83;4;Grüne;112;8,03;5;DU;10;0,72;6;Liberales Forum;20;1,43;7;VGÖ;0;0,00;8;ÖNP;0;0,00;
706;Landeck;70618;Pians;261;311;0;0;572;528;92,31;511;17;1;VP Tirol;292;57,14;2;SPÖ;124;24,27;3;FPÖ;46;9,00;4;Grüne;30;5,87;5;DU;5;0,98;6;Liberales Forum;14;2,74;7;VGÖ;0;0,00;8;ÖNP;0;0,00;
706;Landeck;70619;Prutz;494;549;0;0;1043;961;92,14;887;74;1;VP Tirol;439;49,49;2;SPÖ;187;21,08;3;FPÖ;139;15,67;4;Grüne;91;10,26;5;DU;20;2,25;6;Liberales Forum;11;1,24;7;VGÖ;0;0,00;8;ÖNP;0;0,00;
706;Landeck;70620;Ried im Oberinntal;320;377;0;0;697;629;90,24;586;43;1;VP Tirol;359;61,26;2;SPÖ;93;15,87;3;FPÖ;63;10,75;4;Grüne;45;7,68;5;DU;14;2,39;6;Liberales Forum;12;2,05;7;VGÖ;0;0,00;8;ÖNP;0;0,00;
706;Landeck;70622;Schönwies;524;560;0;0;1084;998;92,07;922;76;1;VP Tirol;378;41,00;2;SPÖ;366;39,70;3;FPÖ;69;7,48;4;Grüne;76;8,24;5;DU;13;1,41;6;Liberales Forum;20;2,17;7;VGÖ;0;0,00;8;ÖNP;0;0,00;
706;Landeck;70623;See;327;334;0;0;661;601;90,92;567;34;1;VP Tirol;479;84,48;2;SPÖ;34;6,00;3;FPÖ;31;5,47;4;Grüne;4;0,71;5;DU;12;2,12;6;Liberales Forum;7;1,23;7;VGÖ;0;0,00;8;ÖNP;0;0,00;
706;Landeck;70624;Serfaus;377;368;0;0;745;681;91,41;632;49;1;VP Tirol;466;73,73;2;SPÖ;65;10,28;3;FPÖ;38;6,01;4;Grüne;34;5,38;5;DU;16;2,53;6;Liberales Forum;13;2,06;7;VGÖ;0;0,00;8;ÖNP;0;0,00;
706;Landeck;70625;Spiss;39;36;0;0;75;83;100,00;77;6;1;VP Tirol;56;72,73;2;SPÖ;9;11,69;3;FPÖ;9;11,69;4;Grüne;2;2,60;5;DU;0;0,00;6;Liberales Forum;1;1,30;7;VGÖ;0;0,00;8;ÖNP;0;0,00;
706;Landeck;70621;St. Anton am Arlberg;828;887;0;0;1715;1557;90,79;1447;110;1;VP Tirol;968;66,90;2;SPÖ;125;8,64;3;FPÖ;142;9,81;4;Grüne;135;9,33;5;DU;35;2,42;6;Liberales Forum;42;2,90;7;VGÖ;0;0,00;8;ÖNP;0;0,00;
706;Landeck;70626;Stanz bei Landeck;189;179;0;0;368;320;86,96;292;28;1;VP Tirol;169;57,88;2;SPÖ;78;26,71;3;FPÖ;21;7,19;4;Grüne;14;4,79;5;DU;6;2,05;6;Liberales Forum;4;1,37;7;VGÖ;0;0,00;8;ÖNP;0;0,00;
706;Landeck;70627;Strengen;423;431;0;0;854;793;92,86;726;67;1;VP Tirol;411;56,61;2;SPÖ;190;26,17;3;FPÖ;53;7,30;4;Grüne;39;5,37;5;DU;18;2,48;6;Liberales Forum;15;2,07;7;VGÖ;0;0,00;8;ÖNP;0;0,00;
706;Landeck;70628;Tobadill;165;172;0;0;337;303;89,91;284;19;1;VP Tirol;201;70,77;2;SPÖ;48;16,90;3;FPÖ;14;4,93;4;Grüne;8;2,82;5;DU;10;3,52;6;Liberales Forum;3;1,06;7;VGÖ;0;0,00;8;ÖNP;0;0,00;
706;Landeck;70629;Tösens;225;223;0;0;448;404;90,18;369;35;1;VP Tirol;232;62,87;2;SPÖ;63;17,07;3;FPÖ;41;11,11;4;Grüne;25;6,78;5;DU;2;0,54;6;Liberales Forum;6;1,63;7;VGÖ;0;0,00;8;ÖNP;0;0,00;
706;Landeck;70630;Zams;1100;1294;0;0;2394;2156;90,06;2039;117;1;VP Tirol;1047;51,35;2;SPÖ;626;30,70;3;FPÖ;157;7,70;4;Grüne;158;7,75;5;DU;16;0,78;6;Liberales Forum;35;1,72;7;VGÖ;0;0,00;8;ÖNP;0;0,00;
707;Lienz;70701;Abfaltersbach;224;227;0;0;451;393;87,14;382;11;1;VP Tirol;305;79,84;2;SPÖ;8;2,09;3;FPÖ;26;6,81;4;Grüne;33;8,64;5;DU;3;0,79;6;Liberales Forum;7;1,83;7;VGÖ;0;0,00;8;ÖNP;0;0,00;
707;Lienz;70702;Ainet;365;351;0;0;716;580;81,01;537;43;1;VP Tirol;378;70,39;2;SPÖ;36;6,70;3;FPÖ;54;10,06;4;Grüne;46;8,57;5;DU;8;1,49;6;Liberales Forum;15;2,79;7;VGÖ;0;0,00;8;ÖNP;0;0,00;
707;Lienz;70703;Amlach;99;96;0;0;195;157;80,51;148;9;1;VP Tirol;80;54,05;2;SPÖ;17;11,49;3;FPÖ;21;14,19;4;Grüne;19;12,84;5;DU;9;6,08;6;Liberales Forum;2;1,35;7;VGÖ;0;0,00;8;ÖNP;0;0,00;
707;Lienz;70704;Anras;482;470;0;0;952;833;87,50;777;56;1;VP Tirol;617;79,41;2;SPÖ;49;6,31;3;FPÖ;43;5,53;4;Grüne;51;6,56;5;DU;3;0,39;6;Liberales Forum;14;1,80;7;VGÖ;0;0,00;8;ÖNP;0;0,00;
707;Lienz;70705;Assling;778;798;0;0;1576;1324;84,01;1253;71;1;VP Tirol;953;76,06;2;SPÖ;66;5,27;3;FPÖ;103;8,22;4;Grüne;106;8,46;5;DU;12;0,96;6;Liberales Forum;13;1,04;7;VGÖ;0;0,00;8;ÖNP;0;0,00;
707;Lienz;70706;Außervillgraten;395;361;0;0;756;660;87,30;634;26;1;VP Tirol;507;79,97;2;SPÖ;38;5,99;3;FPÖ;54;8,52;4;Grüne;27;4,26;5;DU;2;0,32;6;Liberales Forum;6;0,95;7;VGÖ;0;0,00;8;ÖNP;0;0,00;
707;Lienz;70707;Dölsach;745;787;0;0;1532;1254;81,85;1143;111;1;VP Tirol;655;57,31;2;SPÖ;218;19,07;3;FPÖ;153;13,39;4;Grüne;88;7,70;5;DU;11;0,96;6;Liberales Forum;18;1,57;7;VGÖ;0;0,00;8;ÖNP;0;0,00;
707;Lienz;70708;Gaimberg;260;286;0;0;546;454;83,15;426;28;1;VP Tirol;290;68,08;2;SPÖ;39;9,15;3;FPÖ;43;10,09;4;Grüne;46;10,80;5;DU;6;1,41;6;Liberales Forum;2;0,47;7;VGÖ;0;0,00;8;ÖNP;0;0,00;
707;Lienz;70735;Heinfels;338;340;0;0;678;575;84,81;543;32;1;VP Tirol;422;77,72;2;SPÖ;26;4,79;3;FPÖ;38;7,00;4;Grüne;38;7,00;5;DU;9;1,66;6;Liberales Forum;10;1,84;7;VGÖ;0;0,00;8;ÖNP;0;0,00;
707;Lienz;70709;Hopfgarten in Defereggen;336;333;0;0;669;549;82,06;507;42;1;VP Tirol;443;87,38;2;SPÖ;17;3,35;3;FPÖ;21;4,14;4;Grüne;21;4,14;5;DU;4;0,79;6;Liberales Forum;1;0,20;7;VGÖ;0;0,00;8;ÖNP;0;0,00;
707;Lienz;70710;Innervillgraten;380;362;0;0;742;611;82,35;579;32;1;VP Tirol;530;91,54;2;SPÖ;8;1,38;3;FPÖ;18;3,11;4;Grüne;14;2,42;5;DU;7;1,21;6;Liberales Forum;2;0,35;7;VGÖ;0;0,00;8;ÖNP;0;0,00;
707;Lienz;70711;Iselsberg-Stronach;196;193;0;0;389;297;76,35;273;24;1;VP Tirol;177;64,84;2;SPÖ;27;9,89;3;FPÖ;45;16,48;4;Grüne;16;5,86;5;DU;1;0,37;6;Liberales Forum;7;2,56;7;VGÖ;0;0,00;8;ÖNP;0;0,00;
707;Lienz;70712;Kals am Großglockner;462;498;0;0;960;722;75,21;655;67;1;VP Tirol;498;76,03;2;SPÖ;56;8,55;3;FPÖ;61;9,31;4;Grüne;18;2,75;5;DU;13;1,98;6;Liberales Forum;9;1,37;7;VGÖ;0;0,00;8;ÖNP;0;0,00;
707;Lienz;70713;Kartitsch;354;358;0;0;712;618;86,80;595;23;1;VP Tirol;502;84,37;2;SPÖ;8;1,34;3;FPÖ;43;7,23;4;Grüne;37;6,22;5;DU;1;0,17;6;Liberales Forum;4;0,67;7;VGÖ;0;0,00;8;ÖNP;0;0,00;
707;Lienz;70714;Lavant;82;88;0;0;170;155;91,18;153;2;1;VP Tirol;108;70,59;2;SPÖ;4;2,61;3;FPÖ;27;17,65;4;Grüne;10;6,54;5;DU;3;1,96;6;Liberales Forum;1;0,65;7;VGÖ;0;0,00;8;ÖNP;0;0,00;
707;Lienz;70715;Leisach;291;310;0;0;601;517;86,02;475;42;1;VP Tirol;295;62,11;2;SPÖ;37;7,79;3;FPÖ;53;11,16;4;Grüne;75;15,79;5;DU;4;0,84;6;Liberales Forum;11;2,32;7;VGÖ;0;0,00;8;ÖNP;0;0,00;
707;Lienz;70716;Lienz;4114;5246;0;0;9360;7700;82,26;7127;573;1;VP Tirol;3726;52,28;2;SPÖ;1324;18,58;3;FPÖ;958;13,44;4;Grüne;722;10,13;5;DU;210;2,95;6;Liberales Forum;187;2,62;7;VGÖ;0;0,00;8;ÖNP;0;0,00;
707;Lienz;70717;Matrei in Osttirol;1679;1680;0;0;3359;2837;84,46;2620;217;1;VP Tirol;2061;78,66;2;SPÖ;146;5,57;3;FPÖ;267;10,19;4;Grüne;81;3,09;5;DU;30;1,15;6;Liberales Forum;35;1,34;7;VGÖ;0;0,00;8;ÖNP;0;0,00;
707;Lienz;70718;Nikolsdorf;342;334;0;0;676;556;82,25;519;37;1;VP Tirol;356;68,59;2;SPÖ;55;10,60;3;FPÖ;65;12,52;4;Grüne;26;5,01;5;DU;6;1,16;6;Liberales Forum;11;2,12;7;VGÖ;0;0,00;8;ÖNP;0;0,00;
707;Lienz;70719;Nußdorf-Debant;1004;1020;0;0;2024;1742;86,07;1625;117;1;VP Tirol;894;55,02;2;SPÖ;325;20,00;3;FPÖ;220;13,54;4;Grüne;126;7,75;5;DU;23;1,42;6;Liberales Forum;37;2,28;7;VGÖ;0;0,00;8;ÖNP;0;0,00;
707;Lienz;70720;Oberlienz;533;485;0;0;1018;781;76,72;720;61;1;VP Tirol;525;72,92;2;SPÖ;51;7,08;3;FPÖ;75;10,42;4;Grüne;46;6,39;5;DU;13;1,81;6;Liberales Forum;10;1,39;7;VGÖ;0;0,00;8;ÖNP;0;0,00;
707;Lienz;70721;Obertilliach;303;297;0;0;600;500;83,33;470;30;1;VP Tirol;394;83,83;2;SPÖ;9;1,91;3;FPÖ;47;10,00;4;Grüne;18;3,83;5;DU;0;0,00;6;Liberales Forum;2;0,43;7;VGÖ;0;0,00;8;ÖNP;0;0,00;
707;Lienz;70723;Prägraten am Großvenediger;457;449;0;0;906;714;78,81;656;58;1;VP Tirol;540;82,32;2;SPÖ;49;7,47;3;FPÖ;40;6,10;4;Grüne;14;2,13;5;DU;9;1,37;6;Liberales Forum;4;0,61;7;VGÖ;0;0,00;8;ÖNP;0;0,00;
707;Lienz;70727;Schlaiten;176;156;0;0;332;285;85,84;265;20;1;VP Tirol;211;79,62;2;SPÖ;9;3,40;3;FPÖ;28;10,57;4;Grüne;10;3,77;5;DU;3;1,13;6;Liberales Forum;4;1,51;7;VGÖ;0;0,00;8;ÖNP;0;0,00;
707;Lienz;70728;Sillian;751;766;0;0;1517;1273;83,92;1203;70;1;VP Tirol;838;69,66;2;SPÖ;108;8,98;3;FPÖ;126;10,47;4;Grüne;100;8,31;5;DU;14;1,16;6;Liberales Forum;17;1,41;7;VGÖ;0;0,00;8;ÖNP;0;0,00;
707;Lienz;70724;St. Jakob in Defereggen;386;397;0;0;783;658;84,04;620;38;1;VP Tirol;388;62,58;2;SPÖ;31;5,00;3;FPÖ;129;20,81;4;Grüne;38;6,13;5;DU;19;3,06;6;Liberales Forum;15;2,42;7;VGÖ;0;0,00;8;ÖNP;0;0,00;
707;Lienz;70725;St. Johann im Walde;104;110;0;0;214;207;96,73;203;4;1;VP Tirol;172;84,73;2;SPÖ;11;5,42;3;FPÖ;13;6,40;4;Grüne;1;0,49;5;DU;3;1,48;6;Liberales Forum;3;1,48;7;VGÖ;0;0,00;8;ÖNP;0;0,00;
707;Lienz;70726;St. Veit in Defereggen;298;305;0;0;603;514;85,24;479;35;1;VP Tirol;359;74,95;2;SPÖ;24;5,01;3;FPÖ;63;13,15;4;Grüne;13;2,71;5;DU;10;2,09;6;Liberales Forum;10;2,09;7;VGÖ;0;0,00;8;ÖNP;0;0,00;
707;Lienz;70729;Strassen;278;308;0;0;586;493;84,13;464;29;1;VP Tirol;381;82,11;2;SPÖ;15;3,23;3;FPÖ;35;7,54;4;Grüne;22;4,74;5;DU;8;1,72;6;Liberales Forum;3;0,65;7;VGÖ;0;0,00;8;ÖNP;0;0,00;
707;Lienz;70731;Thurn;220;227;0;0;447;373;83,45;359;14;1;VP Tirol;268;74,65;2;SPÖ;8;2,23;3;FPÖ;50;13,93;4;Grüne;29;8,08;5;DU;2;0,56;6;Liberales Forum;2;0,56;7;VGÖ;0;0,00;8;ÖNP;0;0,00;
707;Lienz;70732;Tristach;471;472;0;0;943;802;85,05;740;62;1;VP Tirol;492;66,49;2;SPÖ;75;10,14;3;FPÖ;63;8,51;4;Grüne;87;11,76;5;DU;16;2,16;6;Liberales Forum;7;0,95;7;VGÖ;0;0,00;8;ÖNP;0;0,00;
707;Lienz;70733;Untertilliach;118;114;0;0;232;190;81,90;179;11;1;VP Tirol;114;63,69;2;SPÖ;6;3,35;3;FPÖ;50;27,93;4;Grüne;7;3,91;5;DU;1;0,56;6;Liberales Forum;1;0,56;7;VGÖ;0;0,00;8;ÖNP;0;0,00;
707;Lienz;70734;Virgen;697;701;0;0;1398;1073;76,75;1000;73;1;VP Tirol;758;75,80;2;SPÖ;99;9,90;3;FPÖ;93;9,30;4;Grüne;25;2,50;5;DU;14;1,40;6;Liberales Forum;11;1,10;7;VGÖ;0;0,00;8;ÖNP;0;0,00;
708;Reutte;70801;Bach;247;238;0;0;485;435;89,69;405;30;1;VP Tirol;264;65,19;2;SPÖ;67;16,54;3;FPÖ;31;7,65;4;Grüne;38;9,38;5;DU;4;0,99;6;Liberales Forum;1;0,25;7;VGÖ;0;0,00;8;ÖNP;0;0,00;
708;Reutte;70802;Berwang;208;226;0;0;434;405;93,32;378;27;1;VP Tirol;210;55,56;2;SPÖ;81;21,43;3;FPÖ;38;10,05;4;Grüne;22;5,82;5;DU;22;5,82;6;Liberales Forum;5;1,32;7;VGÖ;0;0,00;8;ÖNP;0;0,00;
708;Reutte;70803;Biberwier;215;201;0;0;416;388;93,27;368;20;1;VP Tirol;176;47,83;2;SPÖ;135;36,68;3;FPÖ;30;8,15;4;Grüne;20;5,43;5;DU;4;1,09;6;Liberales Forum;3;0,82;7;VGÖ;0;0,00;8;ÖNP;0;0,00;
708;Reutte;70804;Bichlbach;266;293;0;0;559;508;90,88;482;26;1;VP Tirol;282;58,51;2;SPÖ;89;18,46;3;FPÖ;54;11,20;4;Grüne;41;8,51;5;DU;12;2,49;6;Liberales Forum;4;0,83;7;VGÖ;0;0,00;8;ÖNP;0;0,00;
708;Reutte;70805;Breitenwang;476;512;0;0;988;852;86,23;811;41;1;VP Tirol;355;43,77;2;SPÖ;255;31,44;3;FPÖ;90;11,10;4;Grüne;81;9,99;5;DU;3;0,37;6;Liberales Forum;27;3,33;7;VGÖ;0;0,00;8;ÖNP;0;0,00;
708;Reutte;70806;Ehenbichl;218;237;0;0;455;448;98,46;419;29;1;VP Tirol;232;55,37;2;SPÖ;98;23,39;3;FPÖ;28;6,68;4;Grüne;41;9,79;5;DU;6;1,43;6;Liberales Forum;14;3,34;7;VGÖ;0;0,00;8;ÖNP;0;0,00;
708;Reutte;70807;Ehrwald;816;907;0;0;1723;1546;89,73;1456;90;1;VP Tirol;600;41,21;2;SPÖ;481;33,04;3;FPÖ;206;14,15;4;Grüne;93;6,39;5;DU;37;2,54;6;Liberales Forum;39;2,68;7;VGÖ;0;0,00;8;ÖNP;0;0,00;
708;Reutte;70808;Elbigenalp;276;270;0;0;546;493;90,29;467;26;1;VP Tirol;337;72,16;2;SPÖ;24;5,14;3;FPÖ;49;10,49;4;Grüne;37;7,92;5;DU;8;1,71;6;Liberales Forum;12;2,57;7;VGÖ;0;0,00;8;ÖNP;0;0,00;
708;Reutte;70809;Elmen;134;141;0;0;275;252;91,64;244;8;1;VP Tirol;165;67,62;2;SPÖ;27;11,07;3;FPÖ;17;6,97;4;Grüne;22;9,02;5;DU;5;2,05;6;Liberales Forum;8;3,28;7;VGÖ;0;0,00;8;ÖNP;0;0,00;
708;Reutte;70810;Forchach;87;97;0;0;184;174;94,57;165;9;1;VP Tirol;112;67,88;2;SPÖ;20;12,12;3;FPÖ;21;12,73;4;Grüne;6;3,64;5;DU;3;1,82;6;Liberales Forum;3;1,82;7;VGÖ;0;0,00;8;ÖNP;0;0,00;
708;Reutte;70811;Grän;156;194;0;0;350;298;85,14;286;12;1;VP Tirol;234;81,82;2;SPÖ;10;3,50;3;FPÖ;26;9,09;4;Grüne;14;4,90;5;DU;1;0,35;6;Liberales Forum;1;0,35;7;VGÖ;0;0,00;8;ÖNP;0;0,00;
708;Reutte;70812;Gramais;22;19;0;0;41;46;100,00;43;3;1;VP Tirol;32;74,42;2;SPÖ;6;13,95;3;FPÖ;4;9,30;4;Grüne;1;2,33;5;DU;0;0,00;6;Liberales Forum;0;0,00;7;VGÖ;0;0,00;8;ÖNP;0;0,00;
708;Reutte;70813;Häselgehr;250;240;0;0;490;443;90,41;414;29;1;VP Tirol;294;71,01;2;SPÖ;35;8,45;3;FPÖ;53;12,80;4;Grüne;23;5,56;5;DU;5;1,21;6;Liberales Forum;4;0,97;7;VGÖ;0;0,00;8;ÖNP;0;0,00;
708;Reutte;70814;Heiterwang;172;172;0;0;344;312;90,70;301;11;1;VP Tirol;195;64,78;2;SPÖ;46;15,28;3;FPÖ;27;8,97;4;Grüne;24;7,97;5;DU;5;1,66;6;Liberales Forum;4;1,33;7;VGÖ;0;0,00;8;ÖNP;0;0,00;
708;Reutte;70815;Hinterhornbach;36;33;0;0;69;68;98,55;68;0;1;VP Tirol;57;83,82;2;SPÖ;4;5,88;3;FPÖ;5;7,35;4;Grüne;1;1,47;5;DU;1;1,47;6;Liberales Forum;0;0,00;7;VGÖ;0;0,00;8;ÖNP;0;0,00;
708;Reutte;70816;Höfen;373;413;0;0;786;706;89,82;672;34;1;VP Tirol;395;58,78;2;SPÖ;166;24,70;3;FPÖ;56;8,33;4;Grüne;40;5,95;5;DU;8;1,19;6;Liberales Forum;7;1,04;7;VGÖ;0;0,00;8;ÖNP;0;0,00;
708;Reutte;70817;Holzgau;138;155;0;0;293;261;89,08;248;13;1;VP Tirol;163;65,73;2;SPÖ;33;13,31;3;FPÖ;30;12,10;4;Grüne;15;6,05;5;DU;3;1,21;6;Liberales Forum;4;1,61;7;VGÖ;0;0,00;8;ÖNP;0;0,00;
708;Reutte;70818;Jungholz;84;71;0;0;155;109;70,32;107;2;1;VP Tirol;93;86,92;2;SPÖ;7;6,54;3;FPÖ;3;2,80;4;Grüne;1;0,93;5;DU;1;0,93;6;Liberales Forum;2;1,87;7;VGÖ;0;0,00;8;ÖNP;0;0,00;
708;Reutte;70819;Kaisers;27;31;0;0;58;52;89,66;52;0;1;VP Tirol;43;82,69;2;SPÖ;2;3,85;3;FPÖ;4;7,69;4;Grüne;2;3,85;5;DU;1;1,92;6;Liberales Forum;0;0,00;7;VGÖ;0;0,00;8;ÖNP;0;0,00;
708;Reutte;70820;Lechaschau;605;633;0;0;1238;1084;87,56;1003;81;1;VP Tirol;478;47,66;2;SPÖ;287;28,61;3;FPÖ;125;12,46;4;Grüne;80;7,98;5;DU;9;0,90;6;Liberales Forum;24;2,39;7;VGÖ;0;0,00;8;ÖNP;0;0,00;
708;Reutte;70821;Lermoos;323;365;0;0;688;607;88,23;570;37;1;VP Tirol;352;61,75;2;SPÖ;107;18,77;3;FPÖ;61;10,70;4;Grüne;43;7,54;5;DU;4;0,70;6;Liberales Forum;3;0,53;7;VGÖ;0;0,00;8;ÖNP;0;0,00;
708;Reutte;70822;Musau;125;127;0;0;252;218;86,51;199;19;1;VP Tirol;135;67,84;2;SPÖ;35;17,59;3;FPÖ;14;7,04;4;Grüne;10;5,03;5;DU;1;0,50;6;Liberales Forum;4;2,01;7;VGÖ;0;0,00;8;ÖNP;0;0,00;
708;Reutte;70823;Namlos;41;38;0;0;79;78;98,73;76;2;1;VP Tirol;59;77,63;2;SPÖ;9;11,84;3;FPÖ;1;1,32;4;Grüne;6;7,89;5;DU;1;1,32;6;Liberales Forum;0;0,00;7;VGÖ;0;0,00;8;ÖNP;0;0,00;
708;Reutte;70824;Nesselwängle;149;175;0;0;324;289;89,20;271;18;1;VP Tirol;223;82,29;2;SPÖ;15;5,54;3;FPÖ;20;7,38;4;Grüne;9;3,32;5;DU;3;1,11;6;Liberales Forum;1;0,37;7;VGÖ;0;0,00;8;ÖNP;0;0,00;
708;Reutte;70825;Pfafflar;51;49;0;0;100;91;91,00;85;6;1;VP Tirol;76;89,41;2;SPÖ;1;1,18;3;FPÖ;2;2,35;4;Grüne;2;2,35;5;DU;4;4,71;6;Liberales Forum;0;0,00;7;VGÖ;0;0,00;8;ÖNP;0;0,00;
708;Reutte;70826;Pflach;340;347;0;0;687;601;87,48;554;47;1;VP Tirol;291;52,53;2;SPÖ;130;23,47;3;FPÖ;63;11,37;4;Grüne;51;9,21;5;DU;5;0,90;6;Liberales Forum;14;2,53;7;VGÖ;0;0,00;8;ÖNP;0;0,00;
708;Reutte;70827;Pinswang;136;145;0;0;281;249;88,61;239;10;1;VP Tirol;132;55,23;2;SPÖ;66;27,62;3;FPÖ;18;7,53;4;Grüne;17;7,11;5;DU;3;1,26;6;Liberales Forum;3;1,26;7;VGÖ;0;0,00;8;ÖNP;0;0,00;
708;Reutte;70828;Reutte;1648;1988;0;0;3636;3115;85,67;2877;238;1;VP Tirol;1174;40,81;2;SPÖ;994;34,55;3;FPÖ;331;11,51;4;Grüne;278;9,66;5;DU;37;1,29;6;Liberales Forum;63;2,19;7;VGÖ;0;0,00;8;ÖNP;0;0,00;
708;Reutte;70829;Schattwald;134;129;0;0;263;231;87,83;225;6;1;VP Tirol;179;79,56;2;SPÖ;6;2,67;3;FPÖ;19;8,44;4;Grüne;13;5,78;5;DU;2;0,89;6;Liberales Forum;6;2,67;7;VGÖ;0;0,00;8;ÖNP;0;0,00;
708;Reutte;70830;Stanzach;147;154;0;0;301;263;87,38;250;13;1;VP Tirol;170;68,00;2;SPÖ;29;11,60;3;FPÖ;21;8,40;4;Grüne;20;8,00;5;DU;6;2,40;6;Liberales Forum;4;1,60;7;VGÖ;0;0,00;8;ÖNP;0;0,00;
708;Reutte;70831;Steeg;237;234;0;0;471;429;91,08;412;17;1;VP Tirol;323;78,40;2;SPÖ;36;8,74;3;FPÖ;24;5,83;4;Grüne;20;4,85;5;DU;3;0,73;6;Liberales Forum;6;1,46;7;VGÖ;0;0,00;8;ÖNP;0;0,00;
708;Reutte;70832;Tannheim;322;300;0;0;622;565;90,84;546;19;1;VP Tirol;429;78,57;2;SPÖ;33;6,04;3;FPÖ;46;8,42;4;Grüne;21;3,85;5;DU;12;2,20;6;Liberales Forum;5;0,92;7;VGÖ;0;0,00;8;ÖNP;0;0,00;
708;Reutte;70833;Vils;510;484;0;0;994;910;91,55;847;63;1;VP Tirol;489;57,73;2;SPÖ;193;22,79;3;FPÖ;77;9,09;4;Grüne;69;8,15;5;DU;3;0,35;6;Liberales Forum;16;1,89;7;VGÖ;0;0,00;8;ÖNP;0;0,00;
708;Reutte;70834;Vorderhornbach;93;109;0;0;202;175;86,63;167;8;1;VP Tirol;129;77,25;2;SPÖ;14;8,38;3;FPÖ;8;4,79;4;Grüne;9;5,39;5;DU;0;0,00;6;Liberales Forum;7;4,19;7;VGÖ;0;0,00;8;ÖNP;0;0,00;
708;Reutte;70835;Wängle;277;298;0;0;575;517;89,91;503;14;1;VP Tirol;321;63,82;2;SPÖ;96;19,09;3;FPÖ;51;10,14;4;Grüne;27;5,37;5;DU;2;0,40;6;Liberales Forum;6;1,19;7;VGÖ;0;0,00;8;ÖNP;0;0,00;
708;Reutte;70836;Weißenbach am Lech;439;468;0;0;907;813;89,64;743;70;1;VP Tirol;329;44,28;2;SPÖ;244;32,84;3;FPÖ;80;10,77;4;Grüne;68;9,15;5;DU;5;0,67;6;Liberales Forum;17;2,29;7;VGÖ;0;0,00;8;ÖNP;0;0,00;
708;Reutte;70837;Zöblen;87;80;0;0;167;149;89,22;146;3;1;VP Tirol;117;80,14;2;SPÖ;2;1,37;3;FPÖ;16;10,96;4;Grüne;10;6,85;5;DU;0;0,00;6;Liberales Forum;1;0,68;7;VGÖ;0;0,00;8;ÖNP;0;0,00;
709;Schwaz;70901;Achenkirch;704;699;0;0;1403;1149;81,90;1061;88;1;VP Tirol;537;50,61;2;SPÖ;149;14,04;3;FPÖ;222;20,92;4;Grüne;90;8,48;5;DU;35;3,30;6;Liberales Forum;28;2,64;7;VGÖ;0;0,00;8;ÖNP;0;0,00;
709;Schwaz;70902;Aschau im Zillertal;442;478;0;0;920;790;85,87;739;51;1;VP Tirol;475;64,28;2;SPÖ;100;13,53;3;FPÖ;118;15,97;4;Grüne;24;3,25;5;DU;12;1,62;6;Liberales Forum;10;1,35;7;VGÖ;0;0,00;8;ÖNP;0;0,00;
709;Schwaz;70903;Brandberg;117;119;0;0;236;197;83,47;185;12;1;VP Tirol;125;67,57;2;SPÖ;18;9,73;3;FPÖ;38;20,54;4;Grüne;2;1,08;5;DU;1;0,54;6;Liberales Forum;1;0,54;7;VGÖ;0;0,00;8;ÖNP;0;0,00;
709;Schwaz;70904;Bruck am Ziller;313;335;0;0;648;557;85,96;516;41;1;VP Tirol;298;57,75;2;SPÖ;77;14,92;3;FPÖ;102;19,77;4;Grüne;28;5,43;5;DU;6;1,16;6;Liberales Forum;5;0,97;7;VGÖ;0;0,00;8;ÖNP;0;0,00;
709;Schwaz;70905;Buch bei Jenbach;748;774;0;0;1522;1401;92,05;1293;108;1;VP Tirol;572;44,24;2;SPÖ;250;19,33;3;FPÖ;264;20,42;4;Grüne;144;11,14;5;DU;28;2,17;6;Liberales Forum;35;2,71;7;VGÖ;0;0,00;8;ÖNP;0;0,00;
709;Schwaz;70907;Eben am Achensee;712;799;0;0;1511;1380;91,33;1293;87;1;VP Tirol;479;37,05;2;SPÖ;282;21,81;3;FPÖ;333;25,75;4;Grüne;105;8,12;5;DU;69;5,34;6;Liberales Forum;25;1,93;7;VGÖ;0;0,00;8;ÖNP;0;0,00;
709;Schwaz;70908;Finkenberg;517;542;0;0;1059;890;84,04;832;58;1;VP Tirol;529;63,58;2;SPÖ;122;14,66;3;FPÖ;110;13,22;4;Grüne;39;4,69;5;DU;17;2,04;6;Liberales Forum;15;1,80;7;VGÖ;0;0,00;8;ÖNP;0;0,00;
709;Schwaz;70909;Fügen;1038;1103;0;0;2141;1921;89,72;1785;136;1;VP Tirol;742;41,57;2;SPÖ;408;22,86;3;FPÖ;388;21,74;4;Grüne;175;9,80;5;DU;33;1,85;6;Liberales Forum;39;2,18;7;VGÖ;0;0,00;8;ÖNP;0;0,00;
709;Schwaz;70910;Fügenberg;376;380;0;0;756;606;80,16;573;33;1;VP Tirol;383;66,84;2;SPÖ;58;10,12;3;FPÖ;85;14,83;4;Grüne;36;6,28;5;DU;9;1,57;6;Liberales Forum;2;0,35;7;VGÖ;0;0,00;8;ÖNP;0;0,00;
709;Schwaz;70911;Gallzein;170;142;0;0;312;262;83,97;248;14;1;VP Tirol;142;57,26;2;SPÖ;26;10,48;3;FPÖ;64;25,81;4;Grüne;13;5,24;5;DU;2;0,81;6;Liberales Forum;1;0,40;7;VGÖ;0;0,00;8;ÖNP;0;0,00;
709;Schwaz;70912;Gerlos;282;311;0;0;593;512;86,34;479;33;1;VP Tirol;239;49,90;2;SPÖ;94;19,62;3;FPÖ;98;20,46;4;Grüne;30;6,26;5;DU;11;2,30;6;Liberales Forum;7;1,46;7;VGÖ;0;0,00;8;ÖNP;0;0,00;
709;Schwaz;70913;Gerlosberg;134;115;0;0;249;211;84,74;198;13;1;VP Tirol;135;68,18;2;SPÖ;10;5,05;3;FPÖ;49;24,75;4;Grüne;2;1,01;5;DU;1;0,51;6;Liberales Forum;1;0,51;7;VGÖ;0;0,00;8;ÖNP;0;0,00;
709;Schwaz;70914;Hainzenberg;195;204;0;0;399;353;88,47;321;32;1;VP Tirol;176;54,83;2;SPÖ;51;15,89;3;FPÖ;59;18,38;4;Grüne;22;6,85;5;DU;6;1,87;6;Liberales Forum;7;2,18;7;VGÖ;0;0,00;8;ÖNP;0;0,00;
709;Schwaz;70915;Hart im Zillertal;459;424;0;0;883;683;77,35;595;88;1;VP Tirol;294;49,41;2;SPÖ;86;14,45;3;FPÖ;120;20,17;4;Grüne;69;11,60;5;DU;15;2,52;6;Liberales Forum;11;1,85;7;VGÖ;0;0,00;8;ÖNP;0;0,00;
709;Schwaz;70916;Hippach;502;470;0;0;972;799;82,20;728;71;1;VP Tirol;514;70,60;2;SPÖ;70;9,62;3;FPÖ;91;12,50;4;Grüne;40;5,49;5;DU;7;0,96;6;Liberales Forum;6;0,82;7;VGÖ;0;0,00;8;ÖNP;0;0,00;
709;Schwaz;70917;Jenbach;2053;2314;0;0;4367;3947;90,38;3604;343;1;VP Tirol;964;26,75;2;SPÖ;1225;33,99;3;FPÖ;857;23,78;4;Grüne;363;10,07;5;DU;86;2,39;6;Liberales Forum;109;3,02;7;VGÖ;0;0,00;8;ÖNP;0;0,00;
709;Schwaz;70918;Kaltenbach;331;344;0;0;675;572;84,74;527;45;1;VP Tirol;242;45,92;2;SPÖ;132;25,05;3;FPÖ;97;18,41;4;Grüne;37;7,02;5;DU;11;2,09;6;Liberales Forum;8;1,52;7;VGÖ;0;0,00;8;ÖNP;0;0,00;
709;Schwaz;70920;Mayrhofen;1148;1253;0;0;2401;2005;83,51;1813;192;1;VP Tirol;913;50,36;2;SPÖ;292;16,11;3;FPÖ;303;16,71;4;Grüne;206;11,36;5;DU;36;1,99;6;Liberales Forum;63;3,47;7;VGÖ;0;0,00;8;ÖNP;0;0,00;
709;Schwaz;70921;Pill;323;332;0;0;655;588;89,77;523;65;1;VP Tirol;308;58,89;2;SPÖ;59;11,28;3;FPÖ;85;16,25;4;Grüne;49;9,37;5;DU;5;0,96;6;Liberales Forum;17;3,25;7;VGÖ;0;0,00;8;ÖNP;0;0,00;
709;Schwaz;70922;Ramsau im Zillertal;384;433;0;0;817;702;85,92;641;61;1;VP Tirol;377;58,81;2;SPÖ;93;14,51;3;FPÖ;93;14,51;4;Grüne;54;8,42;5;DU;13;2,03;6;Liberales Forum;11;1,72;7;VGÖ;0;0,00;8;ÖNP;0;0,00;
709;Schwaz;70923;Ried im Zillertal;331;366;0;0;697;596;85,51;523;73;1;VP Tirol;306;58,51;2;SPÖ;94;17,97;3;FPÖ;69;13,19;4;Grüne;35;6,69;5;DU;10;1,91;6;Liberales Forum;9;1,72;7;VGÖ;0;0,00;8;ÖNP;0;0,00;
709;Schwaz;70924;Rohrberg;152;143;0;0;295;242;82,03;206;36;1;VP Tirol;108;52,43;2;SPÖ;39;18,93;3;FPÖ;35;16,99;4;Grüne;18;8,74;5;DU;3;1,46;6;Liberales Forum;3;1,46;7;VGÖ;0;0,00;8;ÖNP;0;0,00;
709;Schwaz;70925;Schlitters;354;375;0;0;729;650;89,16;580;70;1;VP Tirol;332;57,24;2;SPÖ;87;15,00;3;FPÖ;104;17,93;4;Grüne;39;6,72;5;DU;11;1,90;6;Liberales Forum;7;1,21;7;VGÖ;0;0,00;8;ÖNP;0;0,00;
709;Schwaz;70926;Schwaz;3846;4573;0;0;8419;7583;90,07;6963;620;1;VP Tirol;2537;36,44;2;SPÖ;1828;26,25;3;FPÖ;1200;17,23;4;Grüne;996;14,30;5;DU;184;2,64;6;Liberales Forum;218;3,13;7;VGÖ;0;0,00;8;ÖNP;0;0,00;
709;Schwaz;70927;Schwendau;486;450;0;0;936;760;81,20;702;58;1;VP Tirol;474;67,52;2;SPÖ;80;11,40;3;FPÖ;80;11,40;4;Grüne;41;5,84;5;DU;11;1,57;6;Liberales Forum;16;2,28;7;VGÖ;0;0,00;8;ÖNP;0;0,00;
709;Schwaz;70928;Stans;591;628;0;0;1219;1125;92,29;1066;59;1;VP Tirol;479;44,93;2;SPÖ;180;16,89;3;FPÖ;201;18,86;4;Grüne;158;14,82;5;DU;24;2,25;6;Liberales Forum;24;2,25;7;VGÖ;0;0,00;8;ÖNP;0;0,00;
709;Schwaz;70929;Steinberg am Rofan;104;103;0;0;207;189;91,30;177;12;1;VP Tirol;129;72,88;2;SPÖ;21;11,86;3;FPÖ;16;9,04;4;Grüne;9;5,08;5;DU;2;1,13;6;Liberales Forum;0;0,00;7;VGÖ;0;0,00;8;ÖNP;0;0,00;
709;Schwaz;70930;Strass im Zillertal;234;274;0;0;508;472;92,91;443;29;1;VP Tirol;269;60,72;2;SPÖ;47;10,61;3;FPÖ;51;11,51;4;Grüne;59;13,32;5;DU;5;1,13;6;Liberales Forum;12;2,71;7;VGÖ;0;0,00;8;ÖNP;0;0,00;
709;Schwaz;70931;Stumm;572;569;0;0;1141;962;84,31;856;106;1;VP Tirol;387;45,21;2;SPÖ;219;25,58;3;FPÖ;120;14,02;4;Grüne;102;11,92;5;DU;18;2,10;6;Liberales Forum;10;1,17;7;VGÖ;0;0,00;8;ÖNP;0;0,00;
709;Schwaz;70932;Stummerberg;303;293;0;0;596;476;79,87;430;46;1;VP Tirol;292;67,91;2;SPÖ;68;15,81;3;FPÖ;38;8,84;4;Grüne;26;6,05;5;DU;2;0,47;6;Liberales Forum;4;0,93;7;VGÖ;0;0,00;8;ÖNP;0;0,00;
709;Schwaz;70933;Terfens;630;643;0;0;1273;1116;87,67;1032;84;1;VP Tirol;471;45,64;2;SPÖ;175;16,96;3;FPÖ;197;19,09;4;Grüne;114;11,05;5;DU;27;2,62;6;Liberales Forum;48;4,65;7;VGÖ;0;0,00;8;ÖNP;0;0,00;
709;Schwaz;70934;Tux;644;666;0;0;1310;1174;89,62;1092;82;1;VP Tirol;696;63,74;2;SPÖ;190;17,40;3;FPÖ;83;7,60;4;Grüne;57;5,22;5;DU;53;4,85;6;Liberales Forum;13;1,19;7;VGÖ;0;0,00;8;ÖNP;0;0,00;
709;Schwaz;70935;Uderns;452;492;0;0;944;812;86,02;760;52;1;VP Tirol;349;45,92;2;SPÖ;203;26,71;3;FPÖ;124;16,32;4;Grüne;53;6,97;5;DU;23;3,03;6;Liberales Forum;8;1,05;7;VGÖ;0;0,00;8;ÖNP;0;0,00;
709;Schwaz;70936;Vomp;1353;1426;0;0;2779;2512;90,39;2342;170;1;VP Tirol;1110;47,40;2;SPÖ;448;19,13;3;FPÖ;367;15,67;4;Grüne;307;13,11;5;DU;39;1,67;6;Liberales Forum;71;3,03;7;VGÖ;0;0,00;8;ÖNP;0;0,00;
709;Schwaz;70937;Weer;468;483;0;0;951;852;89,59;801;51;1;VP Tirol;410;51,19;2;SPÖ;126;15,73;3;FPÖ;122;15,23;4;Grüne;99;12,36;5;DU;10;1,25;6;Liberales Forum;34;4,24;7;VGÖ;0;0,00;8;ÖNP;0;0,00;
709;Schwaz;70938;Weerberg;731;696;0;0;1427;1251;87,67;1148;103;1;VP Tirol;826;71,95;2;SPÖ;95;8,28;3;FPÖ;137;11,93;4;Grüne;55;4,79;5;DU;16;1,39;6;Liberales Forum;19;1,66;7;VGÖ;0;0,00;8;ÖNP;0;0,00;
709;Schwaz;70939;Wiesing;588;604;0;0;1192;1050;88,09;976;74;1;VP Tirol;386;39,55;2;SPÖ;232;23,77;3;FPÖ;195;19,98;4;Grüne;120;12,30;5;DU;22;2,25;6;Liberales Forum;21;2,15;7;VGÖ;0;0,00;8;ÖNP;0;0,00;
709;Schwaz;70940;Zell am Ziller;633;734;0;0;1367;1183;86,54;1067;116;1;VP Tirol;492;46,11;2;SPÖ;243;22,77;3;FPÖ;183;17,15;4;Grüne;93;8,72;5;DU;28;2,62;6;Liberales Forum;28;2,62;7;VGÖ;0;0,00;8;ÖNP;0;0,00;
709;Schwaz;70941;Zellberg;227;231;0;0;458;402;87,77;370;32;1;VP Tirol;206;55,68;2;SPÖ;55;14,86;3;FPÖ;67;18,11;4;Grüne;32;8,65;5;DU;4;1,08;6;Liberales Forum;6;1,62;7;VGÖ;0;0,00;8;ÖNP;0;0,00;
0;Wahlkarten;70199;Wahlkarten Innsbruck;0;0;0;0;0;821;100,00;758;63;1;VP Tirol;333;43,93;2;SPÖ;116;15,30;3;FPÖ;113;14,91;4;Grüne;128;16,89;5;DU;16;2,11;6;Liberales Forum;49;6,46;7;VGÖ;0;0,00;8;ÖNP;3;0,40;
0;Wahlkarten;70299;Wahlkarten Imst;0;0;0;0;0;407;100,00;368;39;1;VP Tirol;172;46,74;2;SPÖ;50;13,59;3;FPÖ;61;16,58;4;Grüne;72;19,57;5;DU;3;0,82;6;Liberales Forum;10;2,72;7;VGÖ;0;0,00;8;ÖNP;0;0,00;
0;Wahlkarten;70399;Wahlkarten Innsbruck Land;0;0;0;0;0;908;100,00;868;40;1;VP Tirol;367;42,28;2;SPÖ;133;15,32;3;FPÖ;149;17,17;4;Grüne;151;17,40;5;DU;21;2,42;6;Liberales Forum;45;5,18;7;VGÖ;1;0,12;8;ÖNP;1;0,12;
0;Wahlkarten;70499;Wahlkarten Kitzbühel;0;0;0;0;0;317;100,00;303;14;1;VP Tirol;133;43,89;2;SPÖ;50;16,50;3;FPÖ;36;11,88;4;Grüne;60;19,80;5;DU;8;2,64;6;Liberales Forum;16;5,28;7;VGÖ;0;0,00;8;ÖNP;0;0,00;
0;Wahlkarten;70599;Wahlkarten Kufstein;0;0;0;0;0;455;100,00;421;34;1;VP Tirol;182;43,23;2;SPÖ;50;11,88;3;FPÖ;76;18,05;4;Grüne;73;17,34;5;DU;18;4,28;6;Liberales Forum;22;5,23;7;VGÖ;0;0,00;8;ÖNP;0;0,00;
0;Wahlkarten;70699;Wahlkarten Landeck;0;0;0;0;0;281;100,00;257;24;1;VP Tirol;130;50,58;2;SPÖ;49;19,07;3;FPÖ;21;8,17;4;Grüne;41;15,95;5;DU;4;1,56;6;Liberales Forum;12;4,67;7;VGÖ;0;0,00;8;ÖNP;0;0,00;
0;Wahlkarten;70799;Wahlkarten Lienz;0;0;0;0;0;1007;100,00;945;62;1;VP Tirol;525;55,56;2;SPÖ;80;8,47;3;FPÖ;85;8,99;4;Grüne;188;19,89;5;DU;18;1,90;6;Liberales Forum;49;5,19;7;VGÖ;0;0,00;8;ÖNP;0;0,00;
0;Wahlkarten;70899;Wahlkarten Reutte;0;0;0;0;0;304;100,00;291;13;1;VP Tirol;141;48,45;2;SPÖ;44;15,12;3;FPÖ;24;8,25;4;Grüne;65;22,34;5;DU;4;1,37;6;Liberales Forum;13;4,47;7;VGÖ;0;0,00;8;ÖNP;0;0,00;
0;Wahlkarten;70999;Wahlkarten Schwaz;0;0;0;0;0;288;100,00;263;25;1;VP Tirol;120;45,63;2;SPÖ;36;13,69;3;FPÖ;45;17,11;4;Grüne;46;17,49;5;DU;9;3,42;6;Liberales Forum;7;2,66;7;VGÖ;0;0,00;8;ÖNP;0;0,00;
